index,gender_rate,school_diversity,cgpa_average,*diversity
0,0.25,1.0,4.09,1.008196601230589
1,0.6666666666666666,1.0,4.0520000000000005,1.4100465540254583
2,0.6666666666666666,1.0,4.086,1.410876713220692
3,0.6666666666666666,1.0,4.101999999999999,1.4112673763713905
4,0.6666666666666666,1.0,4.122,1.4117557053097634
5,0.6666666666666666,1.0,4.1419999999999995,1.4122440342481362
6,0.6666666666666666,1.0,4.144,1.4122928671419734
7,0.6666666666666666,0.8,4.102,1.2779340430380572
8,0.6666666666666666,1.0,4.044,1.4098512224501092
9,0.6666666666666666,1.0,4.072,1.4105348829638311
index,gender_rate,school_diversity,cgpa_average,*diversity
0,0.6666666666666666,0.8,4.106,1.0758523872556953
1,0.6666666666666666,1.0,4.08,1.1928680716256066
2,0.6666666666666666,1.0,4.096,1.19325660975091
3,0.6666666666666666,1.0,4.119999999999999,1.1938394169388653
4,0.6666666666666666,1.0,4.13,1.1940822532671802
5,0.6666666666666666,1.0,4.1419999999999995,1.1943736568611578
6,0.6666666666666666,1.0,4.146,1.1944707913924837
7,0.6666666666666666,1.0,4.151999999999999,1.1946164931894725
8,0.6666666666666666,0.8,4.072,1.0750267437394254
9,0.6666666666666666,1.0,4.136,1.194227955064169
index,gender_rate,school_diversity,cgpa_average,*diversity
0,0.6666666666666666,1.0,4.0600000000000005,1.28133936003203
1,0.6666666666666666,1.0,4.076,1.2817301567688772
2,0.6666666666666666,1.0,4.081999999999999,1.281876705545195
3,0.6666666666666666,1.0,4.106,1.2824629006504658
4,0.6666666666666666,1.0,4.11,1.2825605998346776
5,0.6666666666666666,1.0,4.17,1.2840260875978549
6,0.6666666666666666,0.6,4.1,1.0470222342270892
7,0.6666666666666666,1.0,4.064,1.2814370592162418
8,0.6666666666666666,1.0,4.044,1.2809485632951827
9,0.6666666666666666,1.0,4.13,1.2830490957557368
index,gender_rate,school_diversity,cgpa_average,*diversity
0,0.6666666666666666,1.0,4.0840000000000005,1.2327491074326518
1,0.6666666666666666,1.0,4.104,1.2332359623498865
2,0.6666666666666666,1.0,4.112,1.2334307043167803
3,0.6666666666666666,1.0,4.116,1.2335280753002271
4,0.6666666666666666,1.0,4.118,1.2335767607919506
5,0.6666666666666666,1.0,4.168,1.2347938980850373
6,0.6666666666666666,1.0,4.05,1.2319214540733527
7,0.6666666666666666,0.8,4.098000000000001,1.0997565725413827
8,0.6666666666666666,1.0,4.048,1.2318727685816293
9,0.6666666666666666,1.0,4.182,1.2351346965271015
index,gender_rate,school_diversity,cgpa_average,*diversity
0,0.6666666666666666,1.0,4.048,1.3593329519772133
1,0.6666666666666666,1.0,4.078,1.3600646236029876
2,0.6666666666666666,1.0,4.095999999999999,1.3605036265784523
3,0.6666666666666666,1.0,4.098,1.3605524046868374
4,0.6666666666666666,1.0,4.108,1.360796295228762
5,0.6666666666666666,1.0,4.12,1.3610889638790717
6,0.6666666666666666,1.0,4.14,1.3615767449629215
7,0.6666666666666666,1.0,4.174,1.3624059728054656
8,0.6666666666666666,1.0,4.066,1.3597719549526779
9,0.6666666666666666,1.0,4.074,1.3599670673862179
index,gender_rate,school_diversity,cgpa_average,*diversity
0,0.6666666666666666,1.0,4.032,1.1899027060390475
1,0.6666666666666666,1.0,4.048,1.1902925315921125
2,0.6666666666666666,1.0,4.09,1.191315823668908
3,0.6666666666666666,1.0,4.101999999999999,1.1916081928337068
4,0.6666666666666666,1.0,4.119999999999999,1.1920467465809048
5,0.6666666666666666,1.0,4.138,1.192485300328103
6,0.6666666666666666,1.0,4.152,1.192826397687035
7,0.6666666666666666,1.0,4.2059999999999995,1.1941420589286293
8,0.6666666666666666,0.8,4.048,1.0652925315921125
9,0.6666666666666666,1.0,4.108,1.1917543774161061
index,gender_rate,school_diversity,cgpa_average,*diversity
0,0.25,1.0,4.034000000000001,1.0759645508889497
1,0.6666666666666666,1.0,4.062,1.514152951341327
2,0.6666666666666666,1.0,4.0280000000000005,1.5133170365062973
3,0.6666666666666666,1.0,4.072,1.5143988086457476
4,0.6666666666666666,1.0,4.076,1.5144971515675156
5,0.6666666666666666,1.0,4.090000000000001,1.5148413517937045
6,0.6666666666666666,1.0,4.098,1.5150380376372408
7,0.6666666666666666,1.0,4.106,1.5152347234807773
8,0.6666666666666666,0.8,4.044,1.3708532653362273
9,0.6666666666666666,0.8,4.064,1.3713449799450683
index,gender_rate,school_diversity,cgpa_average,*diversity
0,0.6666666666666666,1.0,4.058,1.2297198192767813
1,0.6666666666666666,1.0,4.066000000000001,1.2299153131431613
2,0.6666666666666666,1.0,4.074,1.2301108070095412
3,0.6666666666666666,1.0,4.08,1.230257427409326
4,0.6666666666666666,1.0,4.081999999999999,1.2303063008759212
5,0.6666666666666666,1.0,4.104,1.230843909008466
6,0.6666666666666666,1.0,4.124,1.2313326436744159
7,0.6666666666666666,1.0,4.1579999999999995,1.2321634926065306
8,0.6666666666666666,1.0,4.06,1.2297686927433762
9,0.6666666666666666,1.0,4.1160000000000005,1.231137149808036
index,gender_rate,school_diversity,cgpa_average,*diversity
0,0.6666666666666666,1.0,4.028,1.373410290312009
1,0.6666666666666666,1.0,4.1,1.375173181453481
2,0.6666666666666666,1.0,4.1,1.375173181453481
3,0.6666666666666666,1.0,4.112,1.3754669966437263
4,0.6666666666666666,1.0,4.126,1.375809781032346
5,0.6666666666666666,1.0,4.1259999999999994,1.375809781032346
6,0.6666666666666666,1.0,4.13,1.3759077194290943
7,0.6666666666666666,0.8,4.023999999999999,1.2194661980691068
8,0.6666666666666666,0.8,4.037999999999999,1.2198089824577263
9,0.6666666666666666,1.0,4.058,1.3741448282876223
index,gender_rate,school_diversity,cgpa_average,*diversity
0,0.25,1.0,4.052,1.0994187164075382
1,0.25,1.0,4.026,1.098779581697607
2,0.6666666666666666,1.0,4.05,1.5752467451815377
3,0.6666666666666666,1.0,4.014,1.5743617894293254
4,0.6666666666666666,1.0,4.038,1.5749517599308003
5,0.6666666666666666,1.0,4.078,1.5759350440999251
6,0.6666666666666666,1.0,4.114,1.5768199998521375
7,0.6666666666666666,1.0,4.124,1.5770658208944188
8,0.6666666666666666,1.0,4.1240000000000006,1.5770658208944188
9,0.6666666666666666,1.0,4.0600000000000005,1.575492566223819
index,gender_rate,school_diversity,cgpa_average,*diversity
0,0.6666666666666666,1.0,4.032,1.2320794148380354
1,0.6666666666666666,1.0,4.052,1.2325692267502613
2,0.6666666666666666,1.0,4.098,1.2336957941483804
3,0.6666666666666666,1.0,4.1,1.233744775339603
4,0.6666666666666666,1.0,4.102,1.2337937565308255
5,0.6666666666666666,1.0,4.102,1.2337937565308255
6,0.6666666666666666,1.0,4.104,1.233842737722048
7,0.6666666666666666,1.0,4.1259999999999994,1.2343815308254962
8,0.6666666666666666,1.0,4.066,1.2329120950888193
9,0.6666666666666666,0.8,4.05,1.0991869122257052
index,gender_rate,school_diversity,cgpa_average,*diversity
0,0.6666666666666666,0.8,4.074,1.371183713446201
1,0.6666666666666666,1.0,4.072000000000001,1.5139918847068699
2,0.6666666666666666,1.0,4.0760000000000005,1.514089827899818
3,0.6666666666666666,1.0,4.086,1.5143346858821882
4,0.6666666666666666,1.0,4.087999999999999,1.5143836574786622
5,0.6666666666666666,1.0,4.0920000000000005,1.5144816006716104
6,0.6666666666666666,1.0,4.112,1.5149713166363508
7,0.6666666666666666,1.0,4.114,1.5150202882328248
8,0.6666666666666666,0.8,4.086,1.3714775430250454
9,0.6666666666666666,1.0,4.04,1.5132083391632851
index,gender_rate,school_diversity,cgpa_average,*diversity
0,0.6666666666666666,1.0,4.048,1.361517527876488
1,0.6666666666666666,1.0,4.048,1.361517527876488
2,0.6666666666666666,1.0,4.072000000000001,1.362106889892106
3,0.6666666666666666,1.0,4.1,1.362794478910327
4,0.6666666666666666,1.0,4.104,1.36289270591293
5,0.6666666666666666,1.0,4.128,1.3634820679285482
6,0.6666666666666666,1.0,4.136,1.3636785219337542
7,0.6666666666666666,0.6,4.029999999999999,1.0753612206504886
8,0.6666666666666666,1.0,4.000000000000001,1.3603388038452517
9,0.6666666666666666,1.0,4.055999999999999,1.361713981881694
index,gender_rate,school_diversity,cgpa_average,*diversity
0,0.6666666666666666,1.0,4.094,1.4254021973710025
1,0.25,1.0,4.078,0.9875098096919757
2,0.6666666666666666,1.0,4.062,1.4246174220129488
3,0.6666666666666666,1.0,4.066000000000001,1.4247155189327054
4,0.6666666666666666,1.0,4.076,1.4249607612320974
5,0.6666666666666666,1.0,4.0840000000000005,1.4251569550716108
6,0.6666666666666666,1.0,4.102,1.425598391210516
7,0.6666666666666666,1.0,4.1080000000000005,1.425745536590151
8,0.6666666666666666,1.0,4.06,1.4245683735530703
9,0.6666666666666666,1.0,4.046000000000001,1.4242250343339218
index,gender_rate,school_diversity,cgpa_average,*diversity
0,0.6666666666666666,1.0,4.078,1.3142627785779273
1,0.6666666666666666,1.0,4.094,1.314654225463478
2,0.6666666666666666,1.0,4.101999999999999,1.3148499489062535
3,0.6666666666666666,1.0,4.118,1.315241395791804
4,0.6666666666666666,1.0,4.122,1.315339257513192
5,0.6666666666666666,1.0,4.146,1.315926427841518
6,0.6666666666666666,1.0,4.05,1.3135777465282137
7,0.6666666666666666,1.0,4.052,1.3136266773889074
8,0.6666666666666666,1.0,4.031999999999999,1.313137368781969
9,0.6666666666666666,1.0,4.08,1.3143117094386212
index,gender_rate,school_diversity,cgpa_average,*diversity
0,0.25,1.0,4.055999999999999,0.9862918939984411
1,0.25,1.0,4.1,0.9873636009353078
2,0.6666666666666666,1.0,4.066,1.42403546375682
3,0.6666666666666666,1.0,4.068,1.4240841777084956
4,0.6666666666666666,1.0,4.11,1.4251071706936866
5,0.6666666666666666,1.0,4.138,1.4257891660171473
6,0.6666666666666666,1.0,4.152,1.4261301636788777
7,0.6666666666666666,1.0,4.177999999999999,1.4267634450506623
8,0.6666666666666666,1.0,4.062,1.4239380358534683
9,0.6666666666666666,0.8,4.1259999999999994,1.3004968823070926
index,gender_rate,school_diversity,cgpa_average,*diversity
0,0.6666666666666666,0.8,4.0520000000000005,1.2653186313768456
1,0.6666666666666666,1.0,4.034,1.4077317683139094
2,0.6666666666666666,1.0,4.046000000000001,1.4080277722606287
3,0.6666666666666666,1.0,4.064,1.4084717781807077
4,0.6666666666666666,1.0,4.087999999999999,1.4090637860741462
5,0.6666666666666666,1.0,4.108,1.409557125985345
6,0.6666666666666666,0.6,4.018000000000001,1.1216228106706647
7,0.6666666666666666,0.8,4.054,1.2653679653679655
8,0.6666666666666666,1.0,4.0200000000000005,1.4073864303760701
9,0.6666666666666666,1.0,4.056,1.408274442216228
index,gender_rate,school_diversity,cgpa_average,*diversity
0,0.25,1.0,4.0760000000000005,1.1060010198839019
1,0.6666666666666666,1.0,4.064,1.67188417799658
2,0.25,0.8,4.068,0.9724721449001971
3,0.25,1.0,4.1,1.1065876448350165
4,0.25,1.0,4.14,1.107565353086874
5,0.6666666666666666,0.8,4.072,1.5387463863136184
6,0.6666666666666666,1.0,4.0600000000000005,1.6717864071713944
7,0.6666666666666666,1.0,4.069999999999999,1.6720308342343588
8,0.6666666666666666,1.0,4.127999999999999,1.6734485111995523
9,0.6666666666666666,1.0,4.134,1.673595167437331
index,gender_rate,school_diversity,cgpa_average,*diversity
0,0.6666666666666666,1.0,4.082,1.3617992096626717
1,0.6666666666666666,1.0,4.108,1.362434161308662
2,0.6666666666666666,1.0,4.114,1.3625806886115825
3,0.6666666666666666,1.0,4.144,1.3633133251261864
4,0.6666666666666666,1.0,4.147999999999999,1.3634110099948002
5,0.6666666666666666,1.0,4.15,1.3634598524291073
6,0.6666666666666666,0.8,4.004,1.217037211867559
7,0.6666666666666666,1.0,4.034000000000001,1.3606269912393056
8,0.6666666666666666,1.0,4.061999999999999,1.3613107853196025
9,0.6666666666666666,1.0,4.101999999999999,1.362287634005741
index,gender_rate,school_diversity,cgpa_average,*diversity
0,0.6666666666666666,1.0,4.048,1.2709491135933746
1,0.6666666666666666,1.0,4.054,1.2710954479185295
2,0.6666666666666666,1.0,4.098000000000001,1.2721685663029987
3,0.6666666666666666,1.0,4.109999999999999,1.2724612349533082
4,0.6666666666666666,1.0,4.116,1.2726075692784633
5,0.6666666666666666,1.0,4.13,1.272949016037158
6,0.6666666666666666,1.0,4.132,1.2729977941455428
7,0.6666666666666666,1.0,4.204000000000001,1.2747538060474013
8,0.6666666666666666,1.0,4.07,1.2714856727856092
9,0.6666666666666666,0.8,4.04,1.1374206678265015
index,gender_rate,school_diversity,cgpa_average,*diversity
0,0.25,0.8,4.092,0.9774805848145915
1,0.6666666666666666,0.8,4.127999999999999,1.415856795689342
2,0.6666666666666666,1.0,4.016,1.566976960147383
3,0.6666666666666666,1.0,4.0840000000000005,1.568632025133023
4,0.6666666666666666,1.0,4.090000000000001,1.5687780602788146
5,0.6666666666666666,1.0,4.1,1.5690214521884676
6,0.6666666666666666,1.0,4.114,1.5693622008619816
7,0.6666666666666666,1.0,4.136,1.5698976630632182
8,0.6666666666666666,1.0,4.224,1.5720395118681638
9,0.6666666666666666,0.6,4.101999999999999,1.2613778228780905
index,gender_rate,school_diversity,cgpa_average,*diversity
0,0.6666666666666666,1.0,4.112,1.4112474836028315
1,0.6666666666666666,1.0,4.05,1.409737645301643
2,0.6666666666666666,1.0,4.116,1.4113448925254888
3,0.6666666666666666,1.0,4.126,1.411588414832132
4,0.6666666666666666,1.0,4.127999999999999,1.4116371192934607
5,0.6666666666666666,1.0,4.138,1.411880641600104
6,0.6666666666666666,1.0,4.145999999999999,1.4120754594454186
7,0.6666666666666666,0.6,4.042,1.1428761607896616
8,0.6666666666666666,0.8,4.130000000000001,1.278352490421456
9,0.6666666666666666,1.0,4.0760000000000005,1.4103708032989155
index,gender_rate,school_diversity,cgpa_average,*diversity
0,0.6666666666666666,1.0,4.024,1.3588194746449165
1,0.6666666666666666,1.0,4.076,1.360088634070866
2,0.6666666666666666,1.0,4.1,1.3606743999597657
3,0.6666666666666666,1.0,4.12,1.3611625382005155
4,0.6666666666666666,1.0,4.132,1.3614554211449654
5,0.6666666666666666,1.0,4.134,1.3615042349690403
6,0.6666666666666666,0.8,4.132,1.2281220878116321
7,0.6666666666666666,1.0,4.066000000000001,1.359844564950491
8,0.6666666666666666,1.0,4.0840000000000005,1.3602838893671658
9,0.6666666666666666,1.0,4.104,1.3607720276079156
index,gender_rate,school_diversity,cgpa_average,*diversity
0,0.6666666666666666,1.0,4.058,1.3733532424448138
1,0.6666666666666666,1.0,4.098,1.374324823693296
2,0.6666666666666666,1.0,4.104,1.374470560880568
3,0.6666666666666666,1.0,4.122,1.3749077724423848
4,0.6666666666666666,1.0,4.130000000000001,1.3751020886920813
5,0.6666666666666666,1.0,4.144,1.37544214212905
6,0.6666666666666666,1.0,4.1579999999999995,1.3757821955660186
7,0.6666666666666666,1.0,4.1659999999999995,1.375976511815715
8,0.6666666666666666,1.0,4.114,1.3747134561926886
9,0.6666666666666666,1.0,4.0760000000000005,1.3737904540066308
index,gender_rate,school_diversity,cgpa_average,*diversity
0,0.6666666666666666,1.0,4.098000000000001,1.313958773040664
1,0.6666666666666666,1.0,4.098000000000001,1.313958773040664
2,0.6666666666666666,1.0,4.128,1.31468692838047
3,0.6666666666666666,1.0,4.156000000000001,1.3153665400309555
4,0.6666666666666666,1.0,4.159999999999999,1.315463627409596
5,0.6666666666666666,1.0,4.159999999999999,1.315463627409596
6,0.6666666666666666,1.0,4.061999999999999,1.313084986632897
7,0.6666666666666666,1.0,4.098000000000001,1.313958773040664
8,0.6666666666666666,1.0,4.09,1.3137645982833825
9,0.6666666666666666,1.0,4.15,1.3152209089629943
index,gender_rate,school_diversity,cgpa_average,*diversity
0,0.6666666666666666,1.0,4.024,1.4072554768818981
1,0.6666666666666666,1.0,4.034,1.407501576207586
2,0.6666666666666666,1.0,4.086,1.4087812927011627
3,0.6666666666666666,1.0,4.087999999999999,1.4088305125663003
4,0.6666666666666666,1.0,4.0920000000000005,1.4089289522965756
5,0.6666666666666666,1.0,4.1,1.4091258317571258
6,0.6666666666666666,1.0,4.045999999999999,1.4077968953984112
7,0.6666666666666666,0.8,4.062,1.2653335114623692
8,0.6666666666666666,1.0,4.0520000000000005,1.407944554993824
9,0.6666666666666666,1.0,4.050000000000001,1.4078953351286865
index,gender_rate,school_diversity,cgpa_average,*diversity
0,0.6666666666666666,1.0,4.023999999999999,1.2709222467500612
1,0.6666666666666666,1.0,4.066,1.271952415992151
2,0.6666666666666666,1.0,4.094,1.2726391954868774
3,0.6666666666666666,1.0,4.101999999999999,1.2728354181996564
4,0.6666666666666666,1.0,4.12,1.2732769193034092
5,0.6666666666666666,1.0,4.13,1.273522197694383
6,0.6666666666666666,1.0,4.023999999999999,1.2709222467500612
7,0.6666666666666666,0.8,4.072,1.138766249693402
8,0.6666666666666666,1.0,4.052,1.2716090262447877
9,0.6666666666666666,1.0,4.086,1.2724429727740985
index,gender_rate,school_diversity,cgpa_average,*diversity
0,0.6666666666666666,0.8,4.029999999999999,1.3590999239536041
1,0.6666666666666666,0.8,4.044,1.3594447855163196
2,0.6666666666666666,1.0,4.03,1.5129460777997579
3,0.6666666666666666,1.0,4.034,1.5130446096748194
4,0.6666666666666666,1.0,4.07,1.5139313965503738
5,0.6666666666666666,1.0,4.104000000000001,1.5147689174883971
6,0.6666666666666666,1.0,4.1160000000000005,1.5150645131135818
7,0.6666666666666666,1.0,4.122,1.5152123109261741
8,0.6666666666666666,0.8,4.018000000000001,1.3588043283284195
9,0.6666666666666666,1.0,4.0280000000000005,1.512896811862227
index,gender_rate,school_diversity,cgpa_average,*diversity
0,0.6666666666666666,1.0,4.054,1.3615574176873129
1,0.6666666666666666,1.0,4.08,1.3621952040779326
2,0.6666666666666666,1.0,4.098000000000001,1.3626367485022077
3,0.6666666666666666,1.0,4.112,1.3629801719433106
4,0.6666666666666666,1.0,4.114,1.3630292324348967
5,0.6666666666666666,1.0,4.122,1.3632254744012413
6,0.6666666666666666,0.8,4.023999999999999,1.2179643674563783
7,0.6666666666666666,0.8,4.022,1.217915306964792
8,0.6666666666666666,1.0,4.0600000000000005,1.3617045991620713
9,0.6666666666666666,1.0,4.08,1.3621952040779326
index,gender_rate,school_diversity,cgpa_average,*diversity
0,0.6666666666666666,1.0,4.02,1.2792889758643184
1,0.6666666666666666,1.0,4.054,1.2801206784083496
2,0.6666666666666666,1.0,4.063999999999999,1.280365296803653
3,0.6666666666666666,1.0,4.11,1.2814905414220483
4,0.6666666666666666,1.0,4.11,1.2814905414220483
5,0.6666666666666666,1.0,4.1160000000000005,1.2816373124592302
6,0.6666666666666666,1.0,4.1259999999999994,1.2818819308545335
7,0.6666666666666666,1.0,4.136000000000001,1.282126549249837
8,0.6666666666666666,1.0,4.086,1.2809034572733202
9,0.6666666666666666,1.0,4.058,1.2802185257664709
index,gender_rate,school_diversity,cgpa_average,*diversity
0,0.25,0.8,4.016,0.9175231711353857
1,0.6666666666666666,1.0,4.074,1.5281586188348228
2,0.6666666666666666,1.0,4.014,1.5266845622310494
3,0.6666666666666666,1.0,4.066,1.5279620779543197
4,0.6666666666666666,1.0,4.093999999999999,1.5286499710360808
5,0.6666666666666666,1.0,4.096,1.5286991062562065
6,0.6666666666666666,1.0,4.112,1.5290921880172128
7,0.6666666666666666,1.0,4.122,1.5293378641178417
8,0.6666666666666666,0.8,4.044,1.3940882571996027
9,0.6666666666666666,1.0,4.066000000000001,1.5279620779543197
index,gender_rate,school_diversity,cgpa_average,*diversity
0,0.6666666666666666,1.0,4.042,1.1908763274589693
1,0.6666666666666666,1.0,4.0520000000000005,1.1911217744178815
2,0.6666666666666666,1.0,4.056,1.1912199532014465
3,0.6666666666666666,1.0,4.068,1.191514489552141
4,0.6666666666666666,1.0,4.081999999999999,1.191858115294618
5,0.6666666666666666,1.0,4.094,1.1921526516453127
6,0.6666666666666666,1.0,4.096,1.192201741037095
7,0.6666666666666666,1.0,4.126,1.1929380819138315
8,0.6666666666666666,0.8,4.087999999999999,1.0670053834699653
9,0.6666666666666666,1.0,4.038,1.1907781486754045
index,gender_rate,school_diversity,cgpa_average,*diversity
0,0.25,0.8,4.072,0.9440384374983016
1,0.25,1.0,4.0840000000000005,1.0776652698288467
2,0.6666666666666666,1.0,4.084,1.596183788347365
3,0.25,1.0,4.12,1.0785457668204819
4,0.6666666666666666,0.8,4.055999999999999,1.4621656240205376
5,0.6666666666666666,1.0,4.024,1.5947162933613062
6,0.6666666666666666,1.0,4.083999999999999,1.596183788347365
7,0.6666666666666666,1.0,4.0920000000000005,1.5963794543455063
8,0.6666666666666666,1.0,4.12,1.5970642853390002
9,0.6666666666666666,1.0,4.15,1.5977980328320298
index,gender_rate,school_diversity,cgpa_average,*diversity
0,0.6666666666666666,0.8,4.082,1.1811398258938524
1,0.6666666666666666,0.8,4.095999999999999,1.1814827278239004
2,0.6666666666666666,0.8,4.114,1.181923601733962
3,0.6666666666666666,1.0,4.068,1.3141302572971376
4,0.6666666666666666,1.0,4.07,1.3141792432871446
5,0.6666666666666666,1.0,4.082,1.3144731592271857
6,0.6666666666666666,1.0,4.106,1.315060991107268
7,0.6666666666666666,1.0,4.18,1.3168734727375218
8,0.6666666666666666,1.0,3.976,1.3118769017568221
9,0.6666666666666666,1.0,4.054,1.3137873553670896
index,gender_rate,school_diversity,cgpa_average,*diversity
0,0.6666666666666666,1.0,4.0520000000000005,1.5132231696500562
1,0.6666666666666666,1.0,4.0600000000000005,1.5134197105305596
2,0.6666666666666666,1.0,4.08,1.5139110627318173
3,0.6666666666666666,1.0,4.088,1.5141076036123204
4,0.6666666666666666,1.0,4.095999999999999,1.5143041444928236
5,0.6666666666666666,1.0,4.096,1.5143041444928236
6,0.6666666666666666,0.8,4.044,1.3591804749233993
7,0.6666666666666666,1.0,4.066,1.5135671161909368
8,0.6666666666666666,1.0,4.068,1.5136162514110625
9,0.6666666666666666,1.0,4.054,1.5132723048701822
index,gender_rate,school_diversity,cgpa_average,*diversity
0,0.6666666666666666,0.8,4.112,1.2199895922410462
1,0.6666666666666666,1.0,4.074000000000001,1.3619158188806486
2,0.6666666666666666,1.0,4.082,1.3621118012422362
3,0.6666666666666666,1.0,4.086,1.3622097924230299
4,0.6666666666666666,1.0,4.086,1.3622097924230299
5,0.6666666666666666,1.0,4.136,1.3634346821829515
6,0.6666666666666666,0.8,4.0200000000000005,1.2177357950827905
7,0.6666666666666666,0.8,4.061999999999999,1.2187647024811246
8,0.6666666666666666,1.0,4.0600000000000005,1.3615728497478705
9,0.6666666666666666,1.0,4.101999999999999,1.3626017571462048
index,gender_rate,school_diversity,cgpa_average,*diversity
0,0.6666666666666666,1.0,4.0280000000000005,1.3346713446762488
1,0.6666666666666666,1.0,4.032,1.3347694319739438
2,0.6666666666666666,1.0,4.055999999999999,1.3353579557601134
3,0.6666666666666666,1.0,4.068,1.3356522176531984
4,0.6666666666666666,1.0,4.09,1.3361916977905206
5,0.6666666666666666,1.0,4.098,1.3363878723859104
6,0.6666666666666666,1.0,4.116,1.3368292652255378
7,0.6666666666666666,1.0,4.17,1.3381534437444196
8,0.6666666666666666,0.8,4.144,1.1836697224632486
9,0.6666666666666666,1.0,3.978,1.333445253455062
index,gender_rate,school_diversity,cgpa_average,*diversity
0,0.6666666666666666,1.0,3.9859999999999998,1.5119106237698507
1,0.6666666666666666,1.0,4.056,1.5136357814985573
2,0.6666666666666666,1.0,4.0600000000000005,1.5137343619401977
3,0.6666666666666666,1.0,4.07,1.5139808130442987
4,0.6666666666666666,1.0,4.072,1.5140301032651189
5,0.6666666666666666,1.0,4.112,1.5150159076815226
6,0.6666666666666666,0.8,4.04,1.3593953058858421
7,0.6666666666666666,1.0,4.037999999999999,1.5131921695111756
8,0.6666666666666666,1.0,4.036,1.5131428792903554
9,0.6666666666666666,0.8,4.106,1.3610218831729084
index,gender_rate,school_diversity,cgpa_average,*diversity
0,0.25,1.0,4.044,1.0986535024318385
1,0.25,1.0,4.086,1.0996800459132874
2,0.6666666666666666,1.0,4.076,1.5753128237811127
3,0.6666666666666666,1.0,4.048,1.5746284614601467
4,0.6666666666666666,1.0,4.086,1.5755572388957433
5,0.6666666666666666,1.0,4.103999999999999,1.5759971861020785
6,0.6666666666666666,1.0,4.117999999999999,1.5763393672625616
7,0.6666666666666666,1.0,4.136,1.5767793144688969
8,0.6666666666666666,1.0,4.142,1.5769259635376751
9,0.6666666666666666,1.0,4.074,1.5752639407581865
index,gender_rate,school_diversity,cgpa_average,*diversity
0,0.25,1.0,4.072,1.0519773384647662
1,0.6666666666666666,1.0,4.0920000000000005,1.5283446314276183
2,0.25,1.0,4.0840000000000005,1.0522713984530037
3,0.6666666666666666,0.8,4.029999999999999,1.3934919881550574
4,0.6666666666666666,1.0,4.048,1.527266411470747
5,0.6666666666666666,1.0,4.076,1.5279525514433014
6,0.6666666666666666,1.0,4.096,1.5284426514236975
7,0.6666666666666666,1.0,4.098,1.528491661421737
8,0.6666666666666666,1.0,4.1240000000000006,1.529128791396252
9,0.6666666666666666,0.6,4.087999999999999,1.2615799447648721
index,gender_rate,school_diversity,cgpa_average,*diversity
0,0.6666666666666666,0.8,4.045999999999999,1.2992980906101212
1,0.6666666666666666,1.0,4.026000000000001,1.4238072448829333
2,0.6666666666666666,1.0,4.046,1.4242980906101212
3,0.6666666666666666,1.0,4.075999999999999,1.425034359200903
4,0.6666666666666666,1.0,4.108,1.4258197123644039
5,0.6666666666666666,1.0,4.116,1.426016050655279
6,0.6666666666666666,1.0,4.1240000000000006,1.4262123889461542
7,0.6666666666666666,0.8,4.106,1.300770627791685
8,0.6666666666666666,1.0,4.016,1.4235618220193393
9,0.6666666666666666,1.0,4.082,1.4251816129190595
index,gender_rate,school_diversity,cgpa_average,*diversity
0,0.6666666666666666,0.8,4.122,1.220452733608505
1,0.6666666666666666,1.0,4.045999999999999,1.361444021609515
2,0.6666666666666666,1.0,4.076,1.3621805432632514
3,0.6666666666666666,1.0,4.078,1.3622296447068338
4,0.6666666666666666,1.0,4.0840000000000005,1.3623769490375812
5,0.6666666666666666,1.0,4.162000000000001,1.3642919053372964
6,0.6666666666666666,0.8,4.044,1.2185377773087895
7,0.6666666666666666,0.8,4.017999999999999,1.2178994585422178
8,0.6666666666666666,1.0,4.031999999999999,1.3611003115044378
9,0.6666666666666666,1.0,4.069999999999999,1.3620332389325043
index,gender_rate,school_diversity,cgpa_average,*diversity
0,0.6666666666666666,1.0,4.036,1.3347269574215064
1,0.6666666666666666,1.0,4.044,1.3349228534007413
2,0.6666666666666666,1.0,4.072,1.335608489328064
3,0.6666666666666666,1.0,4.082,1.3358533593021078
4,0.6666666666666666,1.0,4.090000000000001,1.3360492552813428
5,0.6666666666666666,1.0,4.114,1.336636943219048
6,0.6666666666666666,1.0,4.130000000000001,1.337028735177518
7,0.6666666666666666,1.0,4.144,1.3373715531411792
8,0.6666666666666666,1.0,4.04,1.3348249054111239
9,0.6666666666666666,0.8,4.086,1.1821051534455715
index,gender_rate,school_diversity,cgpa_average,*diversity
0,0.6666666666666666,1.0,4.054,1.3346550485649145
1,0.6666666666666666,1.0,4.0600000000000005,1.3348012117805053
2,0.6666666666666666,1.0,4.072,1.3350935382116866
3,0.6666666666666666,1.0,4.088,1.3354833067865952
4,0.6666666666666666,1.0,4.106,1.3359217964333674
5,0.6666666666666666,1.0,4.124,1.3363602860801398
6,0.6666666666666666,1.0,4.1819999999999995,1.3377731971641835
7,0.6666666666666666,1.0,4.228,1.3388937818170459
8,0.6666666666666666,1.0,4.086,1.3354345857147316
9,0.6666666666666666,0.8,4.05,1.1807114525750335
index,gender_rate,school_diversity,cgpa_average,*diversity
0,0.6666666666666666,1.0,4.036,1.2318588679490934
1,0.6666666666666666,1.0,4.054,1.2322982781629397
2,0.6666666666666666,1.0,4.072,1.232737688376786
3,0.6666666666666666,1.0,4.0920000000000005,1.2332259219477264
4,0.6666666666666666,1.0,4.112,1.2337141555186668
5,0.6666666666666666,1.0,4.13,1.2341535657325131
6,0.6666666666666666,1.0,4.145999999999999,1.2345441525892653
7,0.6666666666666666,1.0,4.1659999999999995,1.2350323861602057
8,0.6666666666666666,1.0,4.106,1.2335676854473847
9,0.6666666666666666,1.0,4.05,1.2322006314487517
index,gender_rate,school_diversity,cgpa_average,*diversity
0,0.6666666666666666,1.0,4.031999999999999,1.334109546775791
1,0.6666666666666666,1.0,4.05,1.3345479936993552
2,0.6666666666666666,1.0,4.077999999999999,1.3352300222471216
3,0.6666666666666666,1.0,4.119999999999999,1.336253065068771
4,0.6666666666666666,1.0,4.14,1.3367402283171756
5,0.6666666666666666,1.0,4.144,1.3368376609668564
6,0.6666666666666666,1.0,4.238,1.3391273282343579
7,0.6666666666666666,1.0,4.094,1.335619752845845
8,0.6666666666666666,1.0,4.068,1.3349864406229193
9,0.6666666666666666,0.8,4.090000000000001,1.1816761663500106
index,gender_rate,school_diversity,cgpa_average,*diversity
0,0.6666666666666666,1.0,4.050000000000001,1.2713848489300228
1,0.6666666666666666,1.0,4.072,1.2719235101121393
2,0.6666666666666666,1.0,4.084,1.2722173253023847
3,0.6666666666666666,1.0,4.1,1.2726090788893785
4,0.6666666666666666,1.0,4.127999999999999,1.2732946476666176
5,0.6666666666666666,1.0,4.138,1.2735394936584887
6,0.6666666666666666,1.0,4.026,1.2707972185495322
7,0.6666666666666666,1.0,4.08,1.2721193869056362
8,0.6666666666666666,1.0,4.064,1.2717276333186425
9,0.6666666666666666,0.8,4.1000000000000005,1.1392757455560452
index,gender_rate,school_diversity,cgpa_average,*diversity
0,0.25,0.8,4.086,0.8744450934579441
1,0.6666666666666666,0.8,4.036,1.2760059709241953
2,0.6666666666666666,1.0,4.074,1.4102641484942886
3,0.6666666666666666,1.0,4.09,1.410653556593977
4,0.6666666666666666,1.0,4.093999999999999,1.4107509086188994
5,0.6666666666666666,1.0,4.109999999999999,1.4111403167185879
6,0.6666666666666666,1.0,4.136,1.4117731048805815
7,0.6666666666666666,1.0,4.138,1.4118217808930427
8,0.6666666666666666,1.0,4.220000000000001,1.4138174974039461
9,0.6666666666666666,1.0,4.104000000000001,1.4109942886812046
index,gender_rate,school_diversity,cgpa_average,*diversity
0,0.6666666666666666,1.0,4.072,1.271816215276079
1,0.6666666666666666,1.0,4.086,1.272158630772826
2,0.6666666666666666,1.0,4.104000000000001,1.2725988792686438
3,0.6666666666666666,1.0,4.104,1.2725988792686438
4,0.6666666666666666,1.0,4.106,1.2726477957681792
5,0.6666666666666666,1.0,4.128,1.2731858772630673
6,0.6666666666666666,0.8,4.045999999999999,1.137846967448787
7,0.6666666666666666,1.0,4.055999999999999,1.2714248832797967
8,0.6666666666666666,1.0,4.076,1.2719140482751496
9,0.6666666666666666,1.0,4.108,1.2726967122677144
index,gender_rate,school_diversity,cgpa_average,*diversity
0,0.25,1.0,4.074,1.0759290998595485
1,0.6666666666666666,1.0,4.024,1.5122123180041995
2,0.6666666666666666,1.0,4.122,1.5145972104406835
3,0.6666666666666666,1.0,4.122,1.5145972104406835
4,0.6666666666666666,1.0,4.138,1.5149865806343952
5,0.6666666666666666,1.0,4.142,1.515083923182823
6,0.6666666666666666,1.0,4.1579999999999995,1.5154732933765347
7,0.6666666666666666,0.8,4.138,1.3721294377772524
8,0.6666666666666666,1.0,4.054,1.5129423871174088
9,0.6666666666666666,0.8,4.12,1.3716913963093267
index,gender_rate,school_diversity,cgpa_average,*diversity
0,0.6666666666666666,1.0,4.064,1.45844064501506
1,0.6666666666666666,1.0,4.034,1.4577045931970118
2,0.6666666666666666,1.0,4.081999999999999,1.4588822761058886
3,0.6666666666666666,1.0,4.0920000000000005,1.4591276267119047
4,0.6666666666666666,1.0,4.098000000000001,1.4592748370755142
5,0.6666666666666666,1.0,4.098000000000001,1.4592748370755142
6,0.6666666666666666,1.0,4.106,1.459471117560327
7,0.6666666666666666,1.0,4.0200000000000005,1.4573611023485895
8,0.6666666666666666,1.0,4.076,1.458735065742279
9,0.6666666666666666,1.0,4.088,1.4590294864694981
index,gender_rate,school_diversity,cgpa_average,*diversity
0,0.25,0.8,4.098,0.9123973608053282
1,0.6666666666666666,0.8,4.058,1.3142058645693424
2,0.6666666666666666,0.8,4.074,1.3145935741748478
3,0.6666666666666666,1.0,4.04,1.4566268341202915
4,0.6666666666666666,1.0,4.140000000000001,1.4590500191547007
5,0.6666666666666666,1.0,4.1419999999999995,1.459098482855389
6,0.6666666666666666,1.0,4.16,1.4595346561615825
7,0.6666666666666666,1.0,4.164,1.459631583562959
8,0.6666666666666666,1.0,4.246,1.4616185952911747
9,0.6666666666666666,0.6,4.146,1.1734811245424794
index,gender_rate,school_diversity,cgpa_average,*diversity
0,0.6666666666666666,1.0,3.9859999999999998,1.4641191139797565
1,0.6666666666666666,1.0,4.054,1.4657816243704465
2,0.6666666666666666,1.0,4.072,1.466221700650335
3,0.6666666666666666,1.0,4.094,1.4667595716590875
4,0.6666666666666666,1.0,4.132,1.4676886215832967
5,0.6666666666666666,1.0,4.134,1.4677375189477289
6,0.6666666666666666,1.0,4.134,1.4677375189477289
7,0.6666666666666666,1.0,4.144,1.4679820057698891
8,0.6666666666666666,0.8,4.088,1.333279546232458
9,0.25,0.8,4.064,0.8951927778592734
index,gender_rate,school_diversity,cgpa_average,*diversity
0,0.25,1.0,4.036,1.035095758190132
1,0.25,1.0,4.088,1.0363710806995743
2,0.25,0.8,4.07,0.9109296229078443
3,0.6666666666666666,1.0,4.154000000000001,1.5565082777877695
4,0.6666666666666666,1.0,3.978,1.552191801601965
5,0.6666666666666666,1.0,4.074,1.5545462431578583
6,0.6666666666666666,1.0,4.087999999999999,1.5548895992180927
7,0.6666666666666666,1.0,4.090000000000001,1.5549386500838405
8,0.6666666666666666,1.0,4.093999999999999,1.555036751815336
9,0.6666666666666666,1.0,4.101999999999999,1.5552329552783273
index,gender_rate,school_diversity,cgpa_average,*diversity
0,0.25,1.0,4.064,1.1381739294761788
1,0.25,0.8,4.04,1.004252216638065
2,0.25,1.0,4.066,1.1382229611015773
3,0.25,1.0,4.05,1.1378307080983903
4,0.6666666666666666,1.0,4.097999999999999,1.7587991337746178
5,0.6666666666666666,0.8,4.074000000000001,1.624877420936504
6,0.6666666666666666,0.8,4.108,1.6257109585682765
7,0.6666666666666666,1.0,4.0920000000000005,1.7586520388984228
8,0.6666666666666666,1.0,4.096,1.7587501021492196
9,0.6666666666666666,1.0,4.102,1.7588971970254146
index,gender_rate,school_diversity,cgpa_average,*diversity
0,0.6666666666666666,1.0,4.066,1.3597139434120862
1,0.6666666666666666,1.0,4.078000000000001,1.3600064408527335
2,0.6666666666666666,1.0,4.112,1.3608351836012345
3,0.6666666666666666,1.0,4.13,1.3612739297622056
4,0.6666666666666666,1.0,4.136,1.3614201784825293
5,0.6666666666666666,1.0,4.145999999999999,1.3616639263497354
6,0.6666666666666666,0.8,4.068,1.226429359652194
7,0.6666666666666666,1.0,4.0840000000000005,1.3601526895730571
8,0.6666666666666666,1.0,4.082,1.360103939999616
9,0.6666666666666666,1.0,4.124,1.3611276810418818
index,gender_rate,school_diversity,cgpa_average,*diversity
0,0.6666666666666666,1.0,4.087999999999999,1.3142828234371806
1,0.6666666666666666,1.0,4.108,1.3147710331720825
2,0.6666666666666666,1.0,4.112,1.314868675119063
3,0.6666666666666666,1.0,4.118,1.3150151380395336
4,0.6666666666666666,1.0,4.132,1.3153568848539652
5,0.6666666666666666,1.0,4.136,1.3154545268009457
6,0.6666666666666666,1.0,4.144,1.3156498106949064
7,0.6666666666666666,1.0,4.159999999999999,1.316040378482828
8,0.6666666666666666,1.0,3.936,1.3105724294519245
9,0.6666666666666666,0.8,4.031999999999999,1.1795825028461213
index,gender_rate,school_diversity,cgpa_average,*diversity
0,0.6666666666666666,0.8,4.106,1.1772086924986749
1,0.6666666666666666,1.0,4.061999999999999,1.318991826373197
2,0.6666666666666666,1.0,4.112,1.320212291126175
3,0.6666666666666666,1.0,4.114,1.3202611097162942
4,0.6666666666666666,1.0,4.114,1.3202611097162942
5,0.6666666666666666,1.0,4.172,1.3216768488297486
6,0.6666666666666666,1.0,4.018,1.3179178173905766
7,0.6666666666666666,1.0,4.069999999999999,1.3191871007336735
8,0.6666666666666666,1.0,4.066,1.3190894635534354
9,0.6666666666666666,0.8,4.134,1.1778921527603425
index,gender_rate,school_diversity,cgpa_average,*diversity
0,0.6666666666666666,1.0,4.066000000000001,1.235703590553167
1,0.6666666666666666,1.0,4.084,1.236144702154402
2,0.6666666666666666,1.0,4.092,1.236340751754951
3,0.6666666666666666,1.0,4.0920000000000005,1.2363407517549512
4,0.6666666666666666,1.0,4.098,1.2364877889553627
5,0.6666666666666666,1.0,4.104,1.2366348261557745
6,0.6666666666666666,0.8,4.074,1.1182525813301865
7,0.6666666666666666,1.0,4.034,1.2349193921509714
8,0.6666666666666666,1.0,4.0920000000000005,1.2363407517549512
9,0.6666666666666666,1.0,4.07,1.2358016153534415
index,gender_rate,school_diversity,cgpa_average,*diversity
0,0.6666666666666666,1.0,4.106,1.3198607573205643
1,0.6666666666666666,1.0,4.112,1.3200069134152734
2,0.6666666666666666,1.0,4.117999999999999,1.3201530695099826
3,0.6666666666666666,1.0,4.138,1.3206402564923463
4,0.6666666666666666,1.0,4.144,1.3207864125870554
5,0.6666666666666666,1.0,4.178,1.321614630457074
6,0.6666666666666666,1.0,4.044,1.3183504776752364
7,0.6666666666666666,1.0,4.0680000000000005,1.318935102054073
8,0.6666666666666666,1.0,4.048,1.3184479150717092
9,0.6666666666666666,1.0,4.096000000000001,1.3196171638293823
index,gender_rate,school_diversity,cgpa_average,*diversity
0,0.6666666666666666,0.8,4.043999999999999,1.2648807366657655
1,0.6666666666666666,1.0,4.066,1.408279244747575
2,0.6666666666666666,1.0,4.07,1.4083776747884234
3,0.6666666666666666,1.0,4.093999999999999,1.408968255033514
4,0.6666666666666666,1.0,4.110000000000001,1.409361975196908
5,0.6666666666666666,1.0,4.114,1.4094604052377564
6,0.6666666666666666,0.8,4.026,1.2644378014819473
7,0.6666666666666666,1.0,4.016,1.407048869236969
8,0.6666666666666666,1.0,4.062,1.4081808147067263
9,0.6666666666666666,1.0,4.036,1.4075410194412115
index,gender_rate,school_diversity,cgpa_average,*diversity
0,0.6666666666666666,1.0,4.004,1.2292248507748753
1,0.6666666666666666,1.0,4.034,1.2299641312085865
2,0.6666666666666666,1.0,4.038,1.2300627019330814
3,0.6666666666666666,1.0,4.066,1.2307526970045453
4,0.6666666666666666,1.0,4.068,1.2308019823667926
5,0.6666666666666666,1.0,4.0840000000000005,1.2311962652647719
6,0.6666666666666666,1.0,4.096,1.2314919774382564
7,0.6666666666666666,1.0,4.1979999999999995,1.2340055309128743
8,0.6666666666666666,0.8,3.9979999999999998,1.1040769946881333
9,0.6666666666666666,1.0,3.9939999999999998,1.2289784239636383
index,gender_rate,school_diversity,cgpa_average,*diversity
0,0.6666666666666666,1.0,4.024,1.2713745975425452
1,0.6666666666666666,1.0,4.056,1.2721630856166632
2,0.6666666666666666,1.0,4.06,1.272261646625928
3,0.6666666666666666,1.0,4.082,1.272803732176884
4,0.6666666666666666,1.0,4.101999999999999,1.2732965372232077
5,0.6666666666666666,1.0,4.132,1.274035744792693
6,0.6666666666666666,1.0,4.008,1.2709803535054864
7,0.6666666666666666,1.0,4.036,1.2716702805703395
8,0.6666666666666666,1.0,4.048,1.2719659635981337
9,0.6666666666666666,1.0,4.036,1.2716702805703395
index,gender_rate,school_diversity,cgpa_average,*diversity
0,0.6666666666666666,1.0,4.07,1.318733290445799
1,0.6666666666666666,1.0,4.108,1.3196566066086912
2,0.6666666666666666,1.0,4.128,1.3201425624838978
3,0.6666666666666666,1.0,4.138,1.320385540421501
4,0.6666666666666666,1.0,4.1499999999999995,1.320677113946625
5,0.6666666666666666,1.0,4.19,1.3216490256970381
6,0.6666666666666666,1.0,4.058,1.318441716920675
7,0.6666666666666666,1.0,4.106,1.3196080110211705
8,0.6666666666666666,1.0,4.095999999999999,1.3193650330835673
9,0.6666666666666666,1.0,4.112,1.3197537977837326
index,gender_rate,school_diversity,cgpa_average,*diversity
0,0.6666666666666666,1.0,4.054,1.3687585061788883
1,0.6666666666666666,1.0,4.058000000000001,1.368856497359682
2,0.6666666666666666,1.0,4.08,1.3693954488540474
3,0.6666666666666666,1.0,4.095999999999999,1.3697874135772223
4,0.6666666666666666,1.0,4.1,1.369885404758016
5,0.6666666666666666,1.0,4.106,1.3700323915292068
6,0.6666666666666666,1.0,4.118,1.370326365071588
7,0.6666666666666666,1.0,4.128,1.3705713430235722
8,0.6666666666666666,0.8,4.021999999999999,1.2429745767325384
9,0.6666666666666666,1.0,4.058,1.368856497359682
index,gender_rate,school_diversity,cgpa_average,*diversity
0,0.25,1.0,4.0920000000000005,1.0364593380962501
1,0.25,1.0,4.101999999999999,1.0367045683674747
2,0.25,0.8,4.05,0.9104293709571065
3,0.6666666666666666,1.0,4.072000000000001,1.5544873960723191
4,0.6666666666666666,1.0,4.042,1.5537517052586451
5,0.6666666666666666,1.0,4.058,1.5541440736926047
6,0.6666666666666666,1.0,4.066000000000001,1.5543402579095844
7,0.6666666666666666,1.0,4.078,1.554634534235054
8,0.6666666666666666,1.0,4.104,1.5552721329402381
9,0.6666666666666666,1.0,4.114,1.5555173632114627
index,gender_rate,school_diversity,cgpa_average,*diversity
0,0.6666666666666666,1.0,4.08,1.4163462555837671
1,0.6666666666666666,1.0,4.102,1.4168816396001207
2,0.6666666666666666,1.0,4.109999999999999,1.4170763246969764
3,0.6666666666666666,1.0,4.1240000000000006,1.4174170236164743
4,0.6666666666666666,1.0,4.128,1.4175143661649021
5,0.6666666666666666,1.0,4.25,1.4204833138919535
6,0.6666666666666666,0.8,4.058,1.2619647177212598
7,0.6666666666666666,1.0,4.048,1.4155675151963436
8,0.6666666666666666,1.0,4.076,1.416248913035339
9,0.6666666666666666,1.0,4.1160000000000005,1.4172223385196183
index,gender_rate,school_diversity,cgpa_average,*diversity
0,0.6666666666666666,1.0,4.078,1.5136764040249293
1,0.6666666666666666,0.8,4.192,1.3735977159569652
2,0.6666666666666666,1.0,4.064,1.5133351902788899
3,0.6666666666666666,1.0,4.086,1.5138713833083806
4,0.6666666666666666,1.0,4.104,1.5143100866961454
5,0.6666666666666666,1.0,4.122,1.5147487900839105
6,0.6666666666666666,1.0,4.134,1.5150412590090874
7,0.6666666666666666,0.8,4.072000000000001,1.3706730267051983
8,0.6666666666666666,0.8,4.05,1.3701368336757076
9,0.6666666666666666,1.0,4.128,1.514895024546499
index,gender_rate,school_diversity,cgpa_average,*diversity
0,0.6666666666666666,1.0,4.037999999999999,1.4242381420496435
1,0.6666666666666666,1.0,4.052,1.4245822069304497
2,0.6666666666666666,1.0,4.054,1.4246313590562791
3,0.6666666666666666,1.0,4.056,1.4246805111821086
4,0.6666666666666666,1.0,4.064,1.4248771196854264
5,0.6666666666666666,1.0,4.093999999999999,1.425614401572868
6,0.6666666666666666,1.0,4.098000000000001,1.425712705824527
7,0.6666666666666666,1.0,4.138,1.4266957483411156
8,0.6666666666666666,0.8,4.062,1.299827967559597
9,0.25,0.8,4.034000000000001,0.8616398377979847
index,gender_rate,school_diversity,cgpa_average,*diversity
0,0.6666666666666666,0.8,4.0920000000000005,1.1187822398371001
1,0.6666666666666666,1.0,4.0520000000000005,1.2354481850967345
2,0.6666666666666666,1.0,4.066,1.2357915748440977
3,0.6666666666666666,1.0,4.0920000000000005,1.2364292986606296
4,0.6666666666666666,1.0,4.0920000000000005,1.2364292986606296
5,0.6666666666666666,1.0,4.116,1.2370179667989665
6,0.6666666666666666,1.0,4.12,1.237116078155356
7,0.6666666666666666,1.0,4.124,1.2372141895117454
8,0.6666666666666666,0.8,3.982,1.1160841775363888
9,0.6666666666666666,1.0,4.034,1.2350066839929816
index,gender_rate,school_diversity,cgpa_average,*diversity
0,0.25,1.0,4.031999999999999,1.02714489372732
1,0.25,1.0,4.0920000000000005,1.0286029030585797
2,0.6666666666666666,0.8,4.092,1.3327695697252464
3,0.6666666666666666,1.0,4.0840000000000005,1.4659085018144116
4,0.6666666666666666,1.0,4.1,1.4662973043027476
5,0.6666666666666666,1.0,4.151999999999999,1.4675609123898394
6,0.6666666666666666,1.0,4.152,1.4675609123898394
7,0.6666666666666666,1.0,4.234,1.4695535251425609
8,0.6666666666666666,0.8,4.096000000000001,1.3328667703473303
9,0.6666666666666666,0.8,4.118,1.3334013737687922
index,gender_rate,school_diversity,cgpa_average,*diversity
0,0.6666666666666666,0.8,4.096,1.227331355375131
1,0.6666666666666666,0.8,4.104,1.2275267823831437
2,0.6666666666666666,1.0,4.108,1.3609578292204831
3,0.6666666666666666,1.0,4.114,1.3611043994764926
4,0.6666666666666666,1.0,4.118,1.3612021129804988
5,0.6666666666666666,1.0,4.128,1.3614463967405146
6,0.6666666666666666,1.0,4.045999999999999,1.3594432699083863
7,0.6666666666666666,0.8,4.054,1.2263053635830654
8,0.6666666666666666,1.0,4.07,1.3600295509324238
9,0.6666666666666666,1.0,4.098,1.3607135454604675
index,gender_rate,school_diversity,cgpa_average,*diversity
0,0.25,1.0,4.07,1.0106148461849094
1,0.25,1.0,4.053999999999999,1.0102213777607505
2,0.6666666666666666,0.8,4.095999999999999,1.3621314253566235
3,0.6666666666666666,1.0,4.034,1.4856067352130076
4,0.6666666666666666,1.0,4.04,1.4857542858720671
5,0.6666666666666666,1.0,4.078,1.4866887733794447
6,0.6666666666666666,1.0,4.082,1.4867871404854844
7,0.6666666666666666,1.0,4.082000000000001,1.4867871404854844
8,0.6666666666666666,1.0,4.109999999999999,1.4874757102277627
9,0.6666666666666666,1.0,4.018,1.4852132667888487
index,gender_rate,school_diversity,cgpa_average,*diversity
0,0.6666666666666666,1.0,4.01,1.3683639767351345
1,0.6666666666666666,1.0,4.026000000000001,1.3687586681357957
2,0.6666666666666666,1.0,4.038,1.3690546866862916
3,0.6666666666666666,1.0,4.058,1.3695480509371178
4,0.6666666666666666,1.0,4.061999999999999,1.3696467237872831
5,0.6666666666666666,1.0,4.074,1.369942742337779
6,0.6666666666666666,1.0,4.086,1.370238760888275
7,0.6666666666666666,1.0,4.095999999999999,1.370485443013688
8,0.25,1.0,4.042,0.9663755817586791
9,0.6666666666666666,1.0,4.045999999999999,1.369252032386622
index,gender_rate,school_diversity,cgpa_average,*diversity
0,0.6666666666666666,1.0,4.128,1.5783037859601274
1,0.6666666666666666,1.0,4.072,1.576940061042925
2,0.6666666666666666,1.0,4.101999999999999,1.5776706279628547
3,0.6666666666666666,1.0,4.112,1.577914150269498
4,0.6666666666666666,1.0,4.12,1.5781089681148128
5,0.6666666666666666,1.0,4.122,1.5781576725761415
6,0.6666666666666666,1.0,4.14,1.5785960127280994
7,0.6666666666666666,0.6,4.12,1.2447756347814793
8,0.6666666666666666,1.0,4.08,1.5771348788882396
9,0.6666666666666666,1.0,4.068,1.5768426521202676
index,gender_rate,school_diversity,cgpa_average,*diversity
0,0.6666666666666666,0.8,4.112,1.3167958511371038
1,0.6666666666666666,0.8,4.124,1.317090373029898
2,0.6666666666666666,1.0,4.062,1.4584258194409383
3,0.6666666666666666,1.0,4.072,1.4586712543516
4,0.6666666666666666,1.0,4.074,1.4587203413337324
5,0.6666666666666666,1.0,4.168,1.4610274294939523
6,0.6666666666666666,1.0,4.0,1.4569041229948358
7,0.6666666666666666,0.8,4.016,1.3144396759947516
8,0.6666666666666666,1.0,4.0200000000000005,1.4573949928161591
9,0.6666666666666666,1.0,4.096,1.459260298137188
index,gender_rate,school_diversity,cgpa_average,*diversity
0,0.25,1.0,4.086,1.0288641095712148
1,0.6666666666666666,0.8,4.036,1.3318107879497691
2,0.6666666666666666,1.0,4.034000000000001,1.4650953217515779
3,0.6666666666666666,1.0,4.068,1.4659249137874943
4,0.6666666666666666,1.0,4.084,1.4663153100396902
5,0.6666666666666666,1.0,4.109999999999999,1.4669497039495087
6,0.6666666666666666,1.0,4.114000000000001,1.4670473030125577
7,0.6666666666666666,1.0,4.119999999999999,1.4671937016071313
8,0.6666666666666666,1.0,4.225999999999999,1.4697800767779297
9,0.6666666666666666,0.6,4.106,1.2001854382197932
index,gender_rate,school_diversity,cgpa_average,*diversity
0,0.6666666666666666,1.0,4.074,1.2722016357905543
1,0.6666666666666666,1.0,4.1,1.27283584400599
2,0.6666666666666666,1.0,4.102,1.2728846292533311
3,0.6666666666666666,1.0,4.108,1.2730309849953547
4,0.6666666666666666,1.0,4.1240000000000006,1.2734212669740843
5,0.6666666666666666,1.0,4.142,1.2738603342001553
6,0.6666666666666666,0.8,4.084,1.1474455620272603
7,0.6666666666666666,1.0,4.078,1.2722992062852367
8,0.6666666666666666,0.8,4.06,1.1468601390591657
9,0.6666666666666666,1.0,4.1240000000000006,1.2734212669740843
index,gender_rate,school_diversity,cgpa_average,*diversity
0,0.6666666666666666,1.0,4.042,1.5128897448485077
1,0.6666666666666666,1.0,4.0600000000000005,1.5133315710635298
2,0.6666666666666666,1.0,4.064,1.513429754666868
3,0.6666666666666666,1.0,4.066000000000001,1.5134788464685371
4,0.6666666666666666,1.0,4.086,1.5139697644852284
5,0.6666666666666666,1.0,4.093999999999999,1.5141661316919048
6,0.6666666666666666,1.0,4.094,1.5141661316919048
7,0.6666666666666666,1.0,4.118,1.5147552333119343
8,0.25,0.8,4.022,0.955774895207885
9,0.6666666666666666,1.0,4.093999999999999,1.5141661316919048
index,gender_rate,school_diversity,cgpa_average,*diversity
0,0.6666666666666666,1.0,4.036,1.2326492445494364
1,0.6666666666666666,1.0,4.036,1.2326492445494364
2,0.6666666666666666,1.0,4.037999999999999,1.2326984595698607
3,0.6666666666666666,1.0,4.052,1.2330429647128303
4,0.6666666666666666,1.0,4.0680000000000005,1.2334366848762242
5,0.6666666666666666,1.0,4.098000000000001,1.2341749101825876
6,0.6666666666666666,1.0,4.1,1.234224125203012
7,0.6666666666666666,1.0,4.1160000000000005,1.2346178453664058
8,0.6666666666666666,1.0,4.078,1.2336827599783453
9,0.6666666666666666,0.8,4.016,1.0988237610118607
index,gender_rate,school_diversity,cgpa_average,*diversity
0,0.6666666666666666,1.0,4.040000000000001,1.2324306645735217
1,0.6666666666666666,1.0,4.054,1.2327740711669284
2,0.6666666666666666,1.0,4.066,1.2330684196755626
3,0.6666666666666666,1.0,4.066,1.2330684196755626
4,0.6666666666666666,1.0,4.08,1.233411826268969
5,0.6666666666666666,1.0,4.0840000000000005,1.2335099424385139
6,0.6666666666666666,1.0,4.093999999999999,1.2337552328623758
7,0.6666666666666666,1.0,4.153999999999999,1.2352269754055467
8,0.6666666666666666,1.0,4.101999999999999,1.2339514652014651
9,0.6666666666666666,0.8,4.0280000000000005,1.0988029827315542
index,gender_rate,school_diversity,cgpa_average,*diversity
0,0.6666666666666666,1.0,4.063999999999999,1.3190551754122868
1,0.6666666666666666,1.0,4.1,1.319934038749038
2,0.6666666666666666,1.0,4.12,1.320422296158344
3,0.6666666666666666,1.0,4.15,1.3211546822723035
4,0.6666666666666666,1.0,4.15,1.3211546822723035
5,0.6666666666666666,1.0,4.154,1.3212523337541646
6,0.6666666666666666,0.8,4.01,1.1748797375500173
7,0.6666666666666666,1.0,4.0280000000000005,1.3181763120755356
8,0.6666666666666666,1.0,4.087999999999999,1.3196410843034543
9,0.6666666666666666,1.0,4.098000000000001,1.3198852130081073
index,gender_rate,school_diversity,cgpa_average,*diversity
0,0.6666666666666666,1.0,4.074000000000001,1.4627400135954245
1,0.6666666666666666,1.0,4.092,1.4631799392968614
2,0.6666666666666666,1.0,4.1,1.4633754618308337
3,0.6666666666666666,1.0,4.104,1.4634732230978196
4,0.6666666666666666,1.0,4.130000000000001,1.4641086713332288
5,0.6666666666666666,1.0,4.132,1.4641575519667218
6,0.6666666666666666,1.0,4.055999999999999,1.4623000878939874
7,0.6666666666666666,1.0,4.056,1.4623000878939874
8,0.6666666666666666,1.0,4.076,1.4627888942289173
9,0.6666666666666666,1.0,4.096,1.4632777005638475
index,gender_rate,school_diversity,cgpa_average,*diversity
0,0.6666666666666666,0.8,4.056,1.1042801198628285
1,0.6666666666666666,0.8,4.104000000000001,1.1054484579019679
2,0.6666666666666666,1.0,4.0520000000000005,1.229182758359567
3,0.6666666666666666,1.0,4.118,1.2307892231633835
4,0.6666666666666666,1.0,4.13,1.2310813076731681
5,0.6666666666666666,1.0,4.138,1.2312760306796915
6,0.6666666666666666,1.0,4.138,1.2312760306796915
7,0.6666666666666666,1.0,4.176,1.2322009649606769
8,0.6666666666666666,1.0,4.054,1.2292314391111976
9,0.6666666666666666,0.8,4.118,1.1057892231633835
index,gender_rate,school_diversity,cgpa_average,*diversity
0,0.6666666666666666,1.0,4.014,1.3171052046510592
1,0.6666666666666666,1.0,4.0840000000000005,1.3188171146535048
2,0.6666666666666666,1.0,4.096,1.3191105849396383
3,0.6666666666666666,1.0,4.098000000000001,1.319159496653994
4,0.6666666666666666,1.0,4.109999999999999,1.3194529669401274
5,0.6666666666666666,1.0,4.128,1.3198931723693277
6,0.6666666666666666,1.0,4.13,1.3199420840836833
7,0.6666666666666666,1.0,4.14,1.3201866426554612
8,0.6666666666666666,1.0,4.004,1.3168606460792813
9,0.6666666666666666,0.8,4.086,1.1938660263678604
index,gender_rate,school_diversity,cgpa_average,*diversity
0,0.6666666666666666,0.8,4.0920000000000005,1.3096919269104699
1,0.6666666666666666,1.0,4.0280000000000005,1.4619682990543916
2,0.6666666666666666,1.0,4.039999999999999,1.46226263312356
3,0.6666666666666666,1.0,4.058,1.4627041342273128
4,0.6666666666666666,1.0,4.106,1.4638814705039869
5,0.6666666666666666,1.0,4.114,1.4640776932167658
6,0.6666666666666666,1.0,4.118,1.4641758045731552
7,0.6666666666666666,1.0,4.153999999999999,1.465058806780661
8,0.25,1.0,4.004,1.0901675097039334
9,0.6666666666666666,0.8,4.056,1.3088089247029644
index,gender_rate,school_diversity,cgpa_average,*diversity
0,0.6666666666666666,1.0,4.106,1.2809036954606576
1,0.6666666666666666,1.0,4.108,1.280952380952381
2,0.6666666666666666,1.0,4.113999999999999,1.2810984374275514
3,0.6666666666666666,1.0,4.118,1.2811958084109984
4,0.6666666666666666,1.0,4.119999999999999,1.2812444939027219
5,0.6666666666666666,1.0,4.124,1.2813418648861687
6,0.6666666666666666,1.0,4.1659999999999995,1.2823642602123615
7,0.6666666666666666,1.0,4.0360000000000005,1.2791997032503362
8,0.6666666666666666,1.0,4.132,1.2815366068530625
9,0.6666666666666666,0.8,4.055999999999999,1.1368294153104281
index,gender_rate,school_diversity,cgpa_average,*diversity
0,0.6666666666666666,1.0,4.056,1.4161819356144378
1,0.6666666666666666,1.0,4.068,1.4164752050801985
2,0.6666666666666666,1.0,4.086,1.41691510927884
3,0.6666666666666666,1.0,4.114,1.4175994046989482
4,0.6666666666666666,1.0,4.122,1.4177949176761222
5,0.6666666666666666,1.0,4.138,1.4181859436304698
6,0.6666666666666666,1.0,4.034,1.4156442749272098
7,0.6666666666666666,1.0,4.078,1.4167195963016659
8,0.6666666666666666,1.0,4.0600000000000005,1.4162796921030247
9,0.6666666666666666,1.0,4.162,1.4187724825619914
index,gender_rate,school_diversity,cgpa_average,*diversity
0,0.25,0.8,4.076,1.0260511952075628
1,0.25,0.8,4.086,1.0262954431680924
2,0.6666666666666666,1.0,4.086,1.6986601155327645
3,0.6666666666666666,1.0,4.061999999999999,1.6980739204274935
4,0.6666666666666666,1.0,4.09,1.6987578147169762
5,0.6666666666666666,1.0,4.098,1.6989532130854
6,0.6666666666666666,1.0,4.107999999999999,1.6991974610459293
7,0.6666666666666666,1.0,4.1240000000000006,1.6995882577827768
8,0.6666666666666666,1.0,4.128,1.6996859569669884
9,0.6666666666666666,1.0,4.084,1.6986112659406585
index,gender_rate,school_diversity,cgpa_average,*diversity
0,0.25,1.0,4.036,1.0505936066028148
1,0.6666666666666666,1.0,4.082,1.5275923131409566
2,0.6666666666666666,1.0,4.072,1.5273485058462424
3,0.6666666666666666,1.0,4.088,1.527738597517785
4,0.6666666666666666,1.0,4.104000000000001,1.528128689189328
5,0.6666666666666666,1.0,4.128,1.528713826696642
6,0.6666666666666666,1.0,4.144,1.529103918368185
7,0.6666666666666666,1.0,4.148000000000001,1.5292014412860706
8,0.6666666666666666,0.8,4.066,1.3938688881360803
9,0.6666666666666666,1.0,4.148000000000001,1.5292014412860706
index,gender_rate,school_diversity,cgpa_average,*diversity
0,0.6666666666666666,1.0,4.064,1.4072890707836105
1,0.6666666666666666,1.0,4.102,1.4082153578350927
2,0.6666666666666666,1.0,4.112,1.4084591175854826
3,0.6666666666666666,1.0,4.122,1.4087028773358727
4,0.6666666666666666,1.0,4.130000000000001,1.4088978851361846
5,0.6666666666666666,1.0,4.144,1.4092391487867306
6,0.6666666666666666,1.0,4.064,1.4072890707836105
7,0.6666666666666666,1.0,4.0920000000000005,1.4079715980847025
8,0.6666666666666666,1.0,4.096000000000001,1.4080691019848586
9,0.6666666666666666,1.0,4.098000000000001,1.4081178539349366
index,gender_rate,school_diversity,cgpa_average,*diversity
0,0.25,0.8,4.034,1.0278795331082073
1,0.6666666666666666,1.0,4.069999999999999,1.6329271276856068
2,0.6666666666666666,0.8,4.038,1.4654774139871776
3,0.6666666666666666,1.0,4.078,1.6331228894435472
4,0.6666666666666666,1.0,4.093999999999999,1.6335144129594283
5,0.6666666666666666,1.0,4.102,1.633710174717369
6,0.6666666666666666,1.0,4.14,1.634640043067587
7,0.6666666666666666,1.0,4.151999999999999,1.6349336857044976
8,0.6666666666666666,0.8,4.0600000000000005,1.4660157588215141
9,0.6666666666666666,0.8,4.098,1.466945627171732
index,gender_rate,school_diversity,cgpa_average,*diversity
0,0.6666666666666666,1.0,4.024,1.318405910021547
1,0.6666666666666666,1.0,4.086,1.3199245501038475
2,0.6666666666666666,1.0,4.101999999999999,1.3203164572218604
3,0.6666666666666666,1.0,4.106,1.3204144340013637
4,0.6666666666666666,1.0,4.11,1.320512410780867
5,0.6666666666666666,1.0,4.119999999999999,1.3207573527296252
6,0.6666666666666666,0.8,4.046,1.1760876394516722
7,0.6666666666666666,1.0,4.08,1.3197775849345925
8,0.6666666666666666,1.0,4.062,1.319336689426828
9,0.6666666666666666,1.0,4.090000000000001,1.3200225268833508
index,gender_rate,school_diversity,cgpa_average,*diversity
0,0.6666666666666666,1.0,4.05,1.3136650931109204
1,0.6666666666666666,1.0,4.05,1.3136650931109204
2,0.6666666666666666,1.0,4.088,1.3145955990122868
3,0.6666666666666666,1.0,4.1080000000000005,1.3150853389603743
4,0.6666666666666666,1.0,4.13,1.3156240529032708
5,0.6666666666666666,1.0,4.138,1.3158199488825058
6,0.6666666666666666,1.0,4.048,1.3136161191161118
7,0.6666666666666666,1.0,4.044,1.313518171126494
8,0.6666666666666666,0.8,4.07,1.1808214997256747
9,0.6666666666666666,1.0,4.112,1.315183286949992
index,gender_rate,school_diversity,cgpa_average,*diversity
0,0.6666666666666666,1.0,4.08,1.407776152535083
1,0.6666666666666666,1.0,4.095999999999999,1.4081665487872788
2,0.6666666666666666,1.0,4.106,1.4084105464449013
3,0.6666666666666666,1.0,4.12,1.4087521431655727
4,0.6666666666666666,1.0,4.1259999999999994,1.4088985417601463
5,0.6666666666666666,1.0,4.144,1.4093377375438667
6,0.6666666666666666,0.8,4.0520000000000005,1.2642358162365972
7,0.6666666666666666,0.8,4.087999999999999,1.265114207804038
8,0.6666666666666666,1.0,4.07,1.4075321548774604
9,0.6666666666666666,1.0,4.101999999999999,1.4083129473818523
index,gender_rate,school_diversity,cgpa_average,*diversity
0,0.25,0.8,4.036,0.8944551689310267
1,0.6666666666666666,1.0,4.058,1.4658260841234159
2,0.25,1.0,4.13,1.0300854429348711
3,0.6666666666666666,0.8,4.082,1.3330792037272343
4,0.6666666666666666,1.0,4.058,1.4658260841234159
5,0.6666666666666666,1.0,4.058000000000001,1.4658260841234159
6,0.6666666666666666,1.0,4.116,1.4672433453881992
7,0.6666666666666666,1.0,4.122,1.4673899586224872
8,0.6666666666666666,1.0,4.132,1.467634314012967
9,0.6666666666666666,1.0,4.132,1.467634314012967
index,gender_rate,school_diversity,cgpa_average,*diversity
0,0.6666666666666666,1.0,4.034000000000001,1.281348648131778
1,0.6666666666666666,1.0,4.076,1.2823811980383568
2,0.6666666666666666,1.0,4.082,1.282528705167868
3,0.6666666666666666,1.0,4.098,1.2829220575132314
4,0.6666666666666666,1.0,4.112,1.2832662408154243
5,0.6666666666666666,1.0,4.114,1.2833154098585946
6,0.6666666666666666,1.0,3.9939999999999998,1.2803652672683694
7,0.6666666666666666,1.0,4.0600000000000005,1.2819878456929934
8,0.6666666666666666,1.0,4.036,1.2813978171749483
9,0.6666666666666666,1.0,4.07,1.2822336909088454
index,gender_rate,school_diversity,cgpa_average,*diversity
0,0.6666666666666666,1.0,4.064,1.318075852933393
1,0.6666666666666666,1.0,4.104,1.3190516054825465
2,0.6666666666666666,1.0,4.111999999999999,1.319246755992377
3,0.6666666666666666,1.0,4.1259999999999994,1.3195882693845808
4,0.6666666666666666,1.0,4.138000000000001,1.3198809951493269
5,0.6666666666666666,1.0,4.145999999999999,1.3200761456591577
6,0.6666666666666666,1.0,4.062,1.3180270653059352
7,0.6666666666666666,1.0,4.058,1.31792949005102
8,0.6666666666666666,1.0,4.11,1.3191979683649195
9,0.6666666666666666,1.0,4.074,1.3183197910706812
index,gender_rate,school_diversity,cgpa_average,*diversity
0,0.6666666666666666,1.0,4.064,1.3599557892522252
1,0.6666666666666666,1.0,4.086,1.360493607665172
2,0.6666666666666666,1.0,4.0920000000000005,1.3606402854141573
3,0.6666666666666666,1.0,4.122,1.3613736741590847
4,0.6666666666666666,1.0,4.127999999999999,1.3615203519080703
5,0.6666666666666666,1.0,4.146,1.3619603851550266
6,0.6666666666666666,0.8,4.032000000000001,1.2258401745909693
7,0.6666666666666666,0.8,4.08,1.227013596582853
8,0.6666666666666666,1.0,4.05,1.3596135411712589
9,0.6666666666666666,0.8,4.106,1.2276492001617902
index,gender_rate,school_diversity,cgpa_average,*diversity
0,0.6666666666666666,1.0,4.042,1.4067672116918788
1,0.6666666666666666,1.0,4.082000000000001,1.407742393319457
2,0.6666666666666666,1.0,4.0840000000000005,1.407791152400836
3,0.6666666666666666,1.0,4.101999999999999,1.408229984133246
4,0.6666666666666666,1.0,4.118,1.4086200567842773
5,0.6666666666666666,1.0,4.126,1.408815093109793
6,0.6666666666666666,1.0,4.156000000000001,1.4095464793304766
7,0.6666666666666666,1.0,4.176,1.4100340701442655
8,0.6666666666666666,0.8,4.055999999999999,1.2642513824043884
9,0.6666666666666666,1.0,4.076,1.4075961160753203
index,gender_rate,school_diversity,cgpa_average,*diversity
0,0.6666666666666666,1.0,4.093999999999999,1.410969640795486
1,0.6666666666666666,1.0,4.046,1.4097988519765192
2,0.6666666666666666,1.0,4.106,1.4112623380002276
3,0.6666666666666666,1.0,4.114,1.4114574694700555
4,0.6666666666666666,1.0,4.13,1.411847732409711
5,0.6666666666666666,1.0,4.136,1.411994081012082
6,0.6666666666666666,1.0,4.154,1.4124331268191945
7,0.6666666666666666,1.0,4.049999999999999,1.409896417711433
8,0.6666666666666666,1.0,4.066,1.4102866806510888
9,0.6666666666666666,1.0,4.101999999999999,1.4111647722653138
index,gender_rate,school_diversity,cgpa_average,*diversity
0,0.6666666666666666,1.0,4.066000000000001,1.369277483140182
1,0.6666666666666666,1.0,4.042,1.3686882079486675
2,0.6666666666666666,1.0,4.05,1.3688846330125057
3,0.6666666666666666,1.0,4.056,1.3690319518103842
4,0.6666666666666666,1.0,4.082000000000001,1.3696703332678581
5,0.6666666666666666,1.0,4.118,1.3705542460551299
6,0.6666666666666666,1.0,4.167999999999999,1.3717819027041183
7,0.6666666666666666,1.0,4.034,1.3684917828848293
8,0.6666666666666666,0.8,4.016,1.2430498264911936
9,0.6666666666666666,1.0,4.096,1.370014077129575
index,gender_rate,school_diversity,cgpa_average,*diversity
0,0.6666666666666666,1.0,4.0920000000000005,1.5142075740239442
1,0.6666666666666666,0.8,4.110000000000001,1.371789970139257
2,0.6666666666666666,1.0,4.045999999999999,1.5130843077610021
3,0.6666666666666666,1.0,4.108,1.5145982753327936
4,0.6666666666666666,1.0,4.13,1.5151354896324616
5,0.6666666666666666,1.0,4.134,1.5152331649596738
6,0.6666666666666666,1.0,4.134,1.5152331649596738
7,0.6666666666666666,1.0,4.034,1.5127912817793652
8,0.6666666666666666,1.0,4.086,1.5140610610331258
9,0.6666666666666666,0.8,4.078,1.3710085675215582
index,gender_rate,school_diversity,cgpa_average,*diversity
0,0.25,1.0,4.049999999999999,0.9860641275249452
1,0.6666666666666666,1.0,4.058,1.4237588220978339
2,0.6666666666666666,1.0,4.124,1.4253650523241663
3,0.6666666666666666,1.0,4.136,1.4256570941834996
4,0.6666666666666666,1.0,4.138,1.4257057678267218
5,0.6666666666666666,1.0,4.148,1.4259491360428327
6,0.6666666666666666,1.0,4.178000000000001,1.4266792406911657
7,0.6666666666666666,1.0,4.0520000000000005,1.4236128011681675
8,0.6666666666666666,0.8,4.0840000000000005,1.2993915794597226
9,0.6666666666666666,0.8,4.122,1.3003163786809442
index,gender_rate,school_diversity,cgpa_average,*diversity
0,0.25,1.0,4.112,1.02879355041915
1,0.6666666666666666,0.8,4.078,1.332136453941949
2,0.6666666666666666,1.0,4.1160000000000005,1.4663904637301934
3,0.6666666666666666,1.0,4.118,1.466438920385715
4,0.6666666666666666,1.0,4.136,1.4668750302854097
5,0.6666666666666666,1.0,4.138,1.4669234869409313
6,0.6666666666666666,1.0,4.144,1.4670688569074963
7,0.6666666666666666,1.0,4.1579999999999995,1.4674080534961478
8,0.6666666666666666,1.0,4.172,1.4677472500847992
9,0.6666666666666666,1.0,4.102,1.466051267141542
index,gender_rate,school_diversity,cgpa_average,*diversity
0,0.6666666666666666,0.8,4.09,1.1806485956729735
1,0.6666666666666666,1.0,4.0600000000000005,1.313252179553619
2,0.6666666666666666,1.0,4.096,1.3141278788968445
3,0.6666666666666666,1.0,4.102,1.314273828787382
4,0.6666666666666666,1.0,4.127999999999999,1.314906278313045
5,0.6666666666666666,1.0,4.138,1.3151495281306076
6,0.6666666666666666,1.0,4.164,1.3157819776562705
7,0.6666666666666666,1.0,4.166,1.3158306276197829
8,0.6666666666666666,0.8,4.118,1.181329695162149
9,0.6666666666666666,0.8,4.048,1.1796269464392104
index,gender_rate,school_diversity,cgpa_average,*diversity
0,0.6666666666666666,1.0,4.106000000000001,1.314186824423946
1,0.6666666666666666,1.0,4.109999999999999,1.314283944804658
2,0.6666666666666666,1.0,4.126,1.3146724263275054
3,0.6666666666666666,1.0,4.14,1.315012347659997
4,0.6666666666666666,1.0,4.16,1.3154979495635566
5,0.6666666666666666,1.0,4.168,1.3156921903249803
6,0.6666666666666666,1.0,4.077999999999999,1.3135069817589626
7,0.6666666666666666,1.0,4.08,1.3135555419493188
8,0.6666666666666666,1.0,4.11,1.314283944804658
9,0.6666666666666666,1.0,4.108,1.314235384614302
index,gender_rate,school_diversity,cgpa_average,*diversity
0,0.6666666666666666,1.0,4.05,1.2719644400359302
1,0.6666666666666666,1.0,4.077999999999999,1.2726498409954916
2,0.6666666666666666,1.0,4.104,1.2732862847436557
3,0.6666666666666666,1.0,4.106,1.273335241955053
4,0.6666666666666666,1.0,4.116,1.273580028012039
5,0.6666666666666666,1.0,4.118,1.2736289852234364
6,0.6666666666666666,0.8,4.023999999999999,1.1463279962877662
7,0.6666666666666666,1.0,4.086,1.2728456698410806
8,0.6666666666666666,1.0,4.0600000000000005,1.2722092260929165
9,0.6666666666666666,1.0,4.11,1.2734331563778474
index,gender_rate,school_diversity,cgpa_average,*diversity
0,0.6666666666666666,1.0,4.022,1.2323144821249856
1,0.6666666666666666,1.0,4.024,1.2323637019901232
2,0.6666666666666666,1.0,4.038,1.2327082410460861
3,0.6666666666666666,1.0,4.076,1.2336434184837
4,0.6666666666666666,1.0,4.082000000000001,1.2337910780791126
5,0.6666666666666666,1.0,4.088,1.2339387376745254
6,0.6666666666666666,1.0,4.096,1.2341356171350757
7,0.6666666666666666,1.0,4.124,1.2348246952470017
8,0.6666666666666666,1.0,4.012,1.2320683827992978
9,0.6666666666666666,1.0,4.072,1.2335449787534247
index,gender_rate,school_diversity,cgpa_average,*diversity
0,0.6666666666666666,0.8,4.074,1.1387467250573284
1,0.6666666666666666,1.0,4.069999999999999,1.2719820143688958
2,0.6666666666666666,1.0,4.09,1.2724722344777248
3,0.6666666666666666,1.0,4.1,1.2727173445321391
4,0.6666666666666666,1.0,4.1259999999999994,1.2733546306736168
5,0.6666666666666666,1.0,4.138,1.273648762738914
6,0.6666666666666666,1.0,4.014,1.270609398064175
7,0.6666666666666666,1.0,4.048,1.2714427722491841
8,0.6666666666666666,1.0,4.078,1.2721781024124275
9,0.6666666666666666,0.8,4.06,1.1384035709811482
index,gender_rate,school_diversity,cgpa_average,*diversity
0,0.6666666666666666,1.0,4.054,1.480605036734932
1,0.6666666666666666,1.0,4.072,1.481046581159207
2,0.6666666666666666,1.0,4.077999999999999,1.4811937626339655
3,0.6666666666666666,1.0,4.087999999999999,1.481439065091896
4,0.6666666666666666,1.0,4.11,1.4819787304993435
5,0.6666666666666666,1.0,4.118,1.482174972465688
6,0.6666666666666666,1.0,4.05,1.4805069157517596
7,0.6666666666666666,1.0,4.026,1.4799181898527263
8,0.6666666666666666,1.0,4.066,1.4808993996844486
9,0.6666666666666666,1.0,4.104,1.481831549024585
index,gender_rate,school_diversity,cgpa_average,*diversity
0,0.6666666666666666,0.8,4.090000000000001,1.1390112879096965
1,0.6666666666666666,1.0,4.066,1.2717571059431523
2,0.6666666666666666,1.0,4.101999999999999,1.2726383788929687
3,0.6666666666666666,1.0,4.101999999999999,1.2726383788929687
4,0.6666666666666666,1.0,4.1240000000000006,1.2731769345845232
5,0.6666666666666666,1.0,4.1339999999999995,1.2734217326261388
6,0.6666666666666666,1.0,4.029999999999999,1.2708758329933358
7,0.6666666666666666,1.0,4.044,1.2712185502515978
8,0.6666666666666666,0.8,4.076,1.1386685706514346
9,0.6666666666666666,0.8,4.082,1.138815449476404
index,gender_rate,school_diversity,cgpa_average,*diversity
0,0.6666666666666666,1.0,4.016,1.3178020465024074
1,0.6666666666666666,1.0,4.056,1.3187777514492316
2,0.6666666666666666,1.0,4.114,1.3201925236221264
3,0.6666666666666666,1.0,4.114,1.3201925236221264
4,0.6666666666666666,1.0,4.1259999999999994,1.3204852351061735
5,0.6666666666666666,1.0,4.132,1.3206315908481971
6,0.6666666666666666,1.0,4.15,1.3210706580742682
7,0.6666666666666666,1.0,4.16,1.3213145843109741
8,0.6666666666666666,1.0,4.0600000000000005,1.318875321943914
9,0.6666666666666666,0.8,4.068,1.176213320076136
index,gender_rate,school_diversity,cgpa_average,*diversity
0,0.6666666666666666,1.0,4.0840000000000005,1.4620228523312222
1,0.6666666666666666,1.0,4.132,1.463184686092175
2,0.6666666666666666,1.0,4.138,1.4633299153122938
3,0.6666666666666666,1.0,4.162,1.4639108321927703
4,0.6666666666666666,1.0,4.164,1.46395924193281
5,0.6666666666666666,1.0,4.224,1.4654115341340008
6,0.6666666666666666,1.0,4.058,1.461393525710706
7,0.6666666666666666,1.0,4.112,1.4627005886917779
8,0.6666666666666666,1.0,4.092,1.4622164912913809
9,0.6666666666666666,1.0,4.148000000000001,1.4635719640124925
index,gender_rate,school_diversity,cgpa_average,*diversity
0,0.6666666666666666,1.0,4.072,1.449315685294355
1,0.25,1.0,4.064,0.97324266346631
2,0.6666666666666666,0.8,4.0440000000000005,1.3309832255112641
3,0.6666666666666666,1.0,4.081999999999999,1.449560471351341
4,0.6666666666666666,1.0,4.094,1.4498542146197246
5,0.6666666666666666,1.0,4.118,1.4504417011564914
6,0.6666666666666666,1.0,4.132,1.450784401636272
7,0.6666666666666666,1.0,4.134,1.4508333588476694
8,0.6666666666666666,0.8,4.036,1.3307873966656751
9,0.6666666666666666,1.0,4.076,1.4494135997171493
index,gender_rate,school_diversity,cgpa_average,*diversity
0,0.25,1.0,4.056,1.0288912929451874
1,0.25,1.0,4.021999999999999,1.028055337004983
2,0.6666666666666666,1.0,3.9979999999999998,1.4649652504589563
3,0.6666666666666666,1.0,4.081999999999999,1.4670305533700498
4,0.6666666666666666,1.0,4.090000000000001,1.4672272488853921
5,0.6666666666666666,1.0,4.096,1.4673747705218987
6,0.6666666666666666,1.0,4.12,1.4679648570679256
7,0.6666666666666666,1.0,4.138000000000001,1.4684074219774457
8,0.6666666666666666,1.0,4.029999999999999,1.4657520325203253
9,0.6666666666666666,1.0,4.04,1.465997901914503
index,gender_rate,school_diversity,cgpa_average,*diversity
0,0.25,0.8,4.07,1.008244959413459
1,0.6666666666666666,1.0,4.026,1.5766092781705507
2,0.6666666666666666,1.0,4.068,1.5776403072357512
3,0.6666666666666666,1.0,4.086,1.5780821768351228
4,0.6666666666666666,1.0,4.09,1.5781803700794275
5,0.6666666666666666,1.0,4.112,1.578720432923104
6,0.6666666666666666,1.0,4.13,1.5791623025224755
7,0.6666666666666666,1.0,4.031999999999999,1.576756568037008
8,0.6666666666666666,1.0,4.03,1.5767074714148557
9,0.6666666666666666,1.0,4.0920000000000005,1.57822946670158
index,gender_rate,school_diversity,cgpa_average,*diversity
0,0.25,1.0,4.095999999999999,1.305694079861963
1,0.25,1.0,4.012,1.3036333370132314
2,0.25,1.0,4.072,1.3051052961908969
3,0.25,1.0,4.112,1.3060866023093405
4,0.6666666666666666,1.0,4.066000000000001,1.9247497669397968
5,0.6666666666666666,0.6,4.06,1.5912692376886968
6,0.6666666666666666,0.8,4.122,1.7594569288389512
7,0.6666666666666666,1.0,4.0520000000000005,1.9244063097983415
8,0.6666666666666666,1.0,4.075999999999999,1.9249950934694078
9,0.6666666666666666,1.0,4.094,1.9254366812227075
index,gender_rate,school_diversity,cgpa_average,*diversity
0,0.6666666666666666,0.8,4.052,1.243612334801762
1,0.6666666666666666,0.8,4.095999999999999,1.244689182574645
2,0.6666666666666666,1.0,4.072,1.3691018110621633
3,0.6666666666666666,1.0,4.089999999999999,1.3695423396965245
4,0.6666666666666666,1.0,4.096,1.3696891825746451
5,0.6666666666666666,1.0,4.108,1.369982868330886
6,0.6666666666666666,1.0,4.116,1.3701786588350464
7,0.6666666666666666,1.0,4.15,1.3710107684777286
8,0.6666666666666666,1.0,4.002,1.3673886441507586
9,0.6666666666666666,0.8,4.078,1.2442486539402837
index,gender_rate,school_diversity,cgpa_average,*diversity
0,0.25,0.8,4.042,0.8744635562773759
1,0.6666666666666666,1.0,4.04,1.4105254523680628
2,0.6666666666666666,1.0,4.052,1.410820742490608
3,0.6666666666666666,1.0,4.0680000000000005,1.411214462654002
4,0.6666666666666666,1.0,4.0840000000000005,1.4116081828173959
5,0.6666666666666666,1.0,4.104,1.4121003330216382
6,0.6666666666666666,1.0,4.119999999999999,1.412494053185032
7,0.6666666666666666,1.0,4.034000000000001,1.41037780730679
8,0.6666666666666666,1.0,4.064,1.4111160326131535
9,0.6666666666666666,1.0,4.029999999999999,1.4102793772659417
index,gender_rate,school_diversity,cgpa_average,*diversity
0,0.25,1.0,4.09,1.008196601230589
1,0.6666666666666666,1.0,4.0520000000000005,1.4100465540254583
2,0.6666666666666666,1.0,4.086,1.410876713220692
3,0.6666666666666666,1.0,4.101999999999999,1.4112673763713905
4,0.6666666666666666,1.0,4.122,1.4117557053097634
5,0.6666666666666666,1.0,4.1419999999999995,1.4122440342481362
6,0.6666666666666666,1.0,4.144,1.4122928671419734
7,0.6666666666666666,0.8,4.102,1.2779340430380572
8,0.6666666666666666,1.0,4.044,1.4098512224501092
9,0.6666666666666666,1.0,4.072,1.4105348829638311
index,gender_rate,school_diversity,cgpa_average,*diversity
0,0.6666666666666666,0.8,4.106,1.0758523872556953
1,0.6666666666666666,1.0,4.08,1.1928680716256066
2,0.6666666666666666,1.0,4.096,1.19325660975091
3,0.6666666666666666,1.0,4.119999999999999,1.1938394169388653
4,0.6666666666666666,1.0,4.13,1.1940822532671802
5,0.6666666666666666,1.0,4.1419999999999995,1.1943736568611578
6,0.6666666666666666,1.0,4.146,1.1944707913924837
7,0.6666666666666666,1.0,4.151999999999999,1.1946164931894725
8,0.6666666666666666,0.8,4.072,1.0750267437394254
9,0.6666666666666666,1.0,4.136,1.194227955064169
index,gender_rate,school_diversity,cgpa_average,*diversity
0,0.6666666666666666,1.0,4.0600000000000005,1.28133936003203
1,0.6666666666666666,1.0,4.076,1.2817301567688772
2,0.6666666666666666,1.0,4.081999999999999,1.281876705545195
3,0.6666666666666666,1.0,4.106,1.2824629006504658
4,0.6666666666666666,1.0,4.11,1.2825605998346776
5,0.6666666666666666,1.0,4.17,1.2840260875978549
6,0.6666666666666666,0.6,4.1,1.0470222342270892
7,0.6666666666666666,1.0,4.064,1.2814370592162418
8,0.6666666666666666,1.0,4.044,1.2809485632951827
9,0.6666666666666666,1.0,4.13,1.2830490957557368
index,gender_rate,school_diversity,cgpa_average,*diversity
0,0.6666666666666666,1.0,4.0840000000000005,1.2327491074326518
1,0.6666666666666666,1.0,4.104,1.2332359623498865
2,0.6666666666666666,1.0,4.112,1.2334307043167803
3,0.6666666666666666,1.0,4.116,1.2335280753002271
4,0.6666666666666666,1.0,4.118,1.2335767607919506
5,0.6666666666666666,1.0,4.168,1.2347938980850373
6,0.6666666666666666,1.0,4.05,1.2319214540733527
7,0.6666666666666666,0.8,4.098000000000001,1.0997565725413827
8,0.6666666666666666,1.0,4.048,1.2318727685816293
9,0.6666666666666666,1.0,4.182,1.2351346965271015
index,gender_rate,school_diversity,cgpa_average,*diversity
0,0.6666666666666666,1.0,4.048,1.3593329519772133
1,0.6666666666666666,1.0,4.078,1.3600646236029876
2,0.6666666666666666,1.0,4.095999999999999,1.3605036265784523
3,0.6666666666666666,1.0,4.098,1.3605524046868374
4,0.6666666666666666,1.0,4.108,1.360796295228762
5,0.6666666666666666,1.0,4.12,1.3610889638790717
6,0.6666666666666666,1.0,4.14,1.3615767449629215
7,0.6666666666666666,1.0,4.174,1.3624059728054656
8,0.6666666666666666,1.0,4.066,1.3597719549526779
9,0.6666666666666666,1.0,4.074,1.3599670673862179
index,gender_rate,school_diversity,cgpa_average,*diversity
0,0.6666666666666666,1.0,4.032,1.1899027060390475
1,0.6666666666666666,1.0,4.048,1.1902925315921125
2,0.6666666666666666,1.0,4.09,1.191315823668908
3,0.6666666666666666,1.0,4.101999999999999,1.1916081928337068
4,0.6666666666666666,1.0,4.119999999999999,1.1920467465809048
5,0.6666666666666666,1.0,4.138,1.192485300328103
6,0.6666666666666666,1.0,4.152,1.192826397687035
7,0.6666666666666666,1.0,4.2059999999999995,1.1941420589286293
8,0.6666666666666666,0.8,4.048,1.0652925315921125
9,0.6666666666666666,1.0,4.108,1.1917543774161061
index,gender_rate,school_diversity,cgpa_average,*diversity
0,0.25,1.0,4.034000000000001,1.0759645508889497
1,0.6666666666666666,1.0,4.062,1.514152951341327
2,0.6666666666666666,1.0,4.0280000000000005,1.5133170365062973
3,0.6666666666666666,1.0,4.072,1.5143988086457476
4,0.6666666666666666,1.0,4.076,1.5144971515675156
5,0.6666666666666666,1.0,4.090000000000001,1.5148413517937045
6,0.6666666666666666,1.0,4.098,1.5150380376372408
7,0.6666666666666666,1.0,4.106,1.5152347234807773
8,0.6666666666666666,0.8,4.044,1.3708532653362273
9,0.6666666666666666,0.8,4.064,1.3713449799450683
index,gender_rate,school_diversity,cgpa_average,*diversity
0,0.6666666666666666,1.0,4.058,1.2297198192767813
1,0.6666666666666666,1.0,4.066000000000001,1.2299153131431613
2,0.6666666666666666,1.0,4.074,1.2301108070095412
3,0.6666666666666666,1.0,4.08,1.230257427409326
4,0.6666666666666666,1.0,4.081999999999999,1.2303063008759212
5,0.6666666666666666,1.0,4.104,1.230843909008466
6,0.6666666666666666,1.0,4.124,1.2313326436744159
7,0.6666666666666666,1.0,4.1579999999999995,1.2321634926065306
8,0.6666666666666666,1.0,4.06,1.2297686927433762
9,0.6666666666666666,1.0,4.1160000000000005,1.231137149808036
index,gender_rate,school_diversity,cgpa_average,*diversity
0,0.6666666666666666,1.0,4.028,1.373410290312009
1,0.6666666666666666,1.0,4.1,1.375173181453481
2,0.6666666666666666,1.0,4.1,1.375173181453481
3,0.6666666666666666,1.0,4.112,1.3754669966437263
4,0.6666666666666666,1.0,4.126,1.375809781032346
5,0.6666666666666666,1.0,4.1259999999999994,1.375809781032346
6,0.6666666666666666,1.0,4.13,1.3759077194290943
7,0.6666666666666666,0.8,4.023999999999999,1.2194661980691068
8,0.6666666666666666,0.8,4.037999999999999,1.2198089824577263
9,0.6666666666666666,1.0,4.058,1.3741448282876223
index,gender_rate,school_diversity,cgpa_average,*diversity
0,0.25,1.0,4.052,1.0994187164075382
1,0.25,1.0,4.026,1.098779581697607
2,0.6666666666666666,1.0,4.05,1.5752467451815377
3,0.6666666666666666,1.0,4.014,1.5743617894293254
4,0.6666666666666666,1.0,4.038,1.5749517599308003
5,0.6666666666666666,1.0,4.078,1.5759350440999251
6,0.6666666666666666,1.0,4.114,1.5768199998521375
7,0.6666666666666666,1.0,4.124,1.5770658208944188
8,0.6666666666666666,1.0,4.1240000000000006,1.5770658208944188
9,0.6666666666666666,1.0,4.0600000000000005,1.575492566223819
index,gender_rate,school_diversity,cgpa_average,*diversity
0,0.6666666666666666,1.0,4.032,1.2320794148380354
1,0.6666666666666666,1.0,4.052,1.2325692267502613
2,0.6666666666666666,1.0,4.098,1.2336957941483804
3,0.6666666666666666,1.0,4.1,1.233744775339603
4,0.6666666666666666,1.0,4.102,1.2337937565308255
5,0.6666666666666666,1.0,4.102,1.2337937565308255
6,0.6666666666666666,1.0,4.104,1.233842737722048
7,0.6666666666666666,1.0,4.1259999999999994,1.2343815308254962
8,0.6666666666666666,1.0,4.066,1.2329120950888193
9,0.6666666666666666,0.8,4.05,1.0991869122257052
index,gender_rate,school_diversity,cgpa_average,*diversity
0,0.6666666666666666,0.8,4.074,1.371183713446201
1,0.6666666666666666,1.0,4.072000000000001,1.5139918847068699
2,0.6666666666666666,1.0,4.0760000000000005,1.514089827899818
3,0.6666666666666666,1.0,4.086,1.5143346858821882
4,0.6666666666666666,1.0,4.087999999999999,1.5143836574786622
5,0.6666666666666666,1.0,4.0920000000000005,1.5144816006716104
6,0.6666666666666666,1.0,4.112,1.5149713166363508
7,0.6666666666666666,1.0,4.114,1.5150202882328248
8,0.6666666666666666,0.8,4.086,1.3714775430250454
9,0.6666666666666666,1.0,4.04,1.5132083391632851
index,gender_rate,school_diversity,cgpa_average,*diversity
0,0.6666666666666666,1.0,4.048,1.361517527876488
1,0.6666666666666666,1.0,4.048,1.361517527876488
2,0.6666666666666666,1.0,4.072000000000001,1.362106889892106
3,0.6666666666666666,1.0,4.1,1.362794478910327
4,0.6666666666666666,1.0,4.104,1.36289270591293
5,0.6666666666666666,1.0,4.128,1.3634820679285482
6,0.6666666666666666,1.0,4.136,1.3636785219337542
7,0.6666666666666666,0.6,4.029999999999999,1.0753612206504886
8,0.6666666666666666,1.0,4.000000000000001,1.3603388038452517
9,0.6666666666666666,1.0,4.055999999999999,1.361713981881694
index,gender_rate,school_diversity,cgpa_average,*diversity
0,0.6666666666666666,1.0,4.094,1.4254021973710025
1,0.25,1.0,4.078,0.9875098096919757
2,0.6666666666666666,1.0,4.062,1.4246174220129488
3,0.6666666666666666,1.0,4.066000000000001,1.4247155189327054
4,0.6666666666666666,1.0,4.076,1.4249607612320974
5,0.6666666666666666,1.0,4.0840000000000005,1.4251569550716108
6,0.6666666666666666,1.0,4.102,1.425598391210516
7,0.6666666666666666,1.0,4.1080000000000005,1.425745536590151
8,0.6666666666666666,1.0,4.06,1.4245683735530703
9,0.6666666666666666,1.0,4.046000000000001,1.4242250343339218
index,gender_rate,school_diversity,cgpa_average,*diversity
0,0.6666666666666666,1.0,4.078,1.3142627785779273
1,0.6666666666666666,1.0,4.094,1.314654225463478
2,0.6666666666666666,1.0,4.101999999999999,1.3148499489062535
3,0.6666666666666666,1.0,4.118,1.315241395791804
4,0.6666666666666666,1.0,4.122,1.315339257513192
5,0.6666666666666666,1.0,4.146,1.315926427841518
6,0.6666666666666666,1.0,4.05,1.3135777465282137
7,0.6666666666666666,1.0,4.052,1.3136266773889074
8,0.6666666666666666,1.0,4.031999999999999,1.313137368781969
9,0.6666666666666666,1.0,4.08,1.3143117094386212
index,gender_rate,school_diversity,cgpa_average,*diversity
0,0.25,1.0,4.055999999999999,0.9862918939984411
1,0.25,1.0,4.1,0.9873636009353078
2,0.6666666666666666,1.0,4.066,1.42403546375682
3,0.6666666666666666,1.0,4.068,1.4240841777084956
4,0.6666666666666666,1.0,4.11,1.4251071706936866
5,0.6666666666666666,1.0,4.138,1.4257891660171473
6,0.6666666666666666,1.0,4.152,1.4261301636788777
7,0.6666666666666666,1.0,4.177999999999999,1.4267634450506623
8,0.6666666666666666,1.0,4.062,1.4239380358534683
9,0.6666666666666666,0.8,4.1259999999999994,1.3004968823070926
index,gender_rate,school_diversity,cgpa_average,*diversity
0,0.6666666666666666,0.8,4.0520000000000005,1.2653186313768456
1,0.6666666666666666,1.0,4.034,1.4077317683139094
2,0.6666666666666666,1.0,4.046000000000001,1.4080277722606287
3,0.6666666666666666,1.0,4.064,1.4084717781807077
4,0.6666666666666666,1.0,4.087999999999999,1.4090637860741462
5,0.6666666666666666,1.0,4.108,1.409557125985345
6,0.6666666666666666,0.6,4.018000000000001,1.1216228106706647
7,0.6666666666666666,0.8,4.054,1.2653679653679655
8,0.6666666666666666,1.0,4.0200000000000005,1.4073864303760701
9,0.6666666666666666,1.0,4.056,1.408274442216228
index,gender_rate,school_diversity,cgpa_average,*diversity
0,0.25,1.0,4.0760000000000005,1.1060010198839019
1,0.6666666666666666,1.0,4.064,1.67188417799658
2,0.25,0.8,4.068,0.9724721449001971
3,0.25,1.0,4.1,1.1065876448350165
4,0.25,1.0,4.14,1.107565353086874
5,0.6666666666666666,0.8,4.072,1.5387463863136184
6,0.6666666666666666,1.0,4.0600000000000005,1.6717864071713944
7,0.6666666666666666,1.0,4.069999999999999,1.6720308342343588
8,0.6666666666666666,1.0,4.127999999999999,1.6734485111995523
9,0.6666666666666666,1.0,4.134,1.673595167437331
index,gender_rate,school_diversity,cgpa_average,*diversity
0,0.6666666666666666,1.0,4.082,1.3617992096626717
1,0.6666666666666666,1.0,4.108,1.362434161308662
2,0.6666666666666666,1.0,4.114,1.3625806886115825
3,0.6666666666666666,1.0,4.144,1.3633133251261864
4,0.6666666666666666,1.0,4.147999999999999,1.3634110099948002
5,0.6666666666666666,1.0,4.15,1.3634598524291073
6,0.6666666666666666,0.8,4.004,1.217037211867559
7,0.6666666666666666,1.0,4.034000000000001,1.3606269912393056
8,0.6666666666666666,1.0,4.061999999999999,1.3613107853196025
9,0.6666666666666666,1.0,4.101999999999999,1.362287634005741
index,gender_rate,school_diversity,cgpa_average,*diversity
0,0.6666666666666666,1.0,4.048,1.2709491135933746
1,0.6666666666666666,1.0,4.054,1.2710954479185295
2,0.6666666666666666,1.0,4.098000000000001,1.2721685663029987
3,0.6666666666666666,1.0,4.109999999999999,1.2724612349533082
4,0.6666666666666666,1.0,4.116,1.2726075692784633
5,0.6666666666666666,1.0,4.13,1.272949016037158
6,0.6666666666666666,1.0,4.132,1.2729977941455428
7,0.6666666666666666,1.0,4.204000000000001,1.2747538060474013
8,0.6666666666666666,1.0,4.07,1.2714856727856092
9,0.6666666666666666,0.8,4.04,1.1374206678265015
index,gender_rate,school_diversity,cgpa_average,*diversity
0,0.25,0.8,4.092,0.9774805848145915
1,0.6666666666666666,0.8,4.127999999999999,1.415856795689342
2,0.6666666666666666,1.0,4.016,1.566976960147383
3,0.6666666666666666,1.0,4.0840000000000005,1.568632025133023
4,0.6666666666666666,1.0,4.090000000000001,1.5687780602788146
5,0.6666666666666666,1.0,4.1,1.5690214521884676
6,0.6666666666666666,1.0,4.114,1.5693622008619816
7,0.6666666666666666,1.0,4.136,1.5698976630632182
8,0.6666666666666666,1.0,4.224,1.5720395118681638
9,0.6666666666666666,0.6,4.101999999999999,1.2613778228780905
index,gender_rate,school_diversity,cgpa_average,*diversity
0,0.6666666666666666,1.0,4.112,1.4112474836028315
1,0.6666666666666666,1.0,4.05,1.409737645301643
2,0.6666666666666666,1.0,4.116,1.4113448925254888
3,0.6666666666666666,1.0,4.126,1.411588414832132
4,0.6666666666666666,1.0,4.127999999999999,1.4116371192934607
5,0.6666666666666666,1.0,4.138,1.411880641600104
6,0.6666666666666666,1.0,4.145999999999999,1.4120754594454186
7,0.6666666666666666,0.6,4.042,1.1428761607896616
8,0.6666666666666666,0.8,4.130000000000001,1.278352490421456
9,0.6666666666666666,1.0,4.0760000000000005,1.4103708032989155
index,gender_rate,school_diversity,cgpa_average,*diversity
0,0.6666666666666666,1.0,4.024,1.3588194746449165
1,0.6666666666666666,1.0,4.076,1.360088634070866
2,0.6666666666666666,1.0,4.1,1.3606743999597657
3,0.6666666666666666,1.0,4.12,1.3611625382005155
4,0.6666666666666666,1.0,4.132,1.3614554211449654
5,0.6666666666666666,1.0,4.134,1.3615042349690403
6,0.6666666666666666,0.8,4.132,1.2281220878116321
7,0.6666666666666666,1.0,4.066000000000001,1.359844564950491
8,0.6666666666666666,1.0,4.0840000000000005,1.3602838893671658
9,0.6666666666666666,1.0,4.104,1.3607720276079156
index,gender_rate,school_diversity,cgpa_average,*diversity
0,0.6666666666666666,1.0,4.058,1.3733532424448138
1,0.6666666666666666,1.0,4.098,1.374324823693296
2,0.6666666666666666,1.0,4.104,1.374470560880568
3,0.6666666666666666,1.0,4.122,1.3749077724423848
4,0.6666666666666666,1.0,4.130000000000001,1.3751020886920813
5,0.6666666666666666,1.0,4.144,1.37544214212905
6,0.6666666666666666,1.0,4.1579999999999995,1.3757821955660186
7,0.6666666666666666,1.0,4.1659999999999995,1.375976511815715
8,0.6666666666666666,1.0,4.114,1.3747134561926886
9,0.6666666666666666,1.0,4.0760000000000005,1.3737904540066308
index,gender_rate,school_diversity,cgpa_average,*diversity
0,0.6666666666666666,1.0,4.098000000000001,1.313958773040664
1,0.6666666666666666,1.0,4.098000000000001,1.313958773040664
2,0.6666666666666666,1.0,4.128,1.31468692838047
3,0.6666666666666666,1.0,4.156000000000001,1.3153665400309555
4,0.6666666666666666,1.0,4.159999999999999,1.315463627409596
5,0.6666666666666666,1.0,4.159999999999999,1.315463627409596
6,0.6666666666666666,1.0,4.061999999999999,1.313084986632897
7,0.6666666666666666,1.0,4.098000000000001,1.313958773040664
8,0.6666666666666666,1.0,4.09,1.3137645982833825
9,0.6666666666666666,1.0,4.15,1.3152209089629943
index,gender_rate,school_diversity,cgpa_average,*diversity
0,0.6666666666666666,1.0,4.024,1.4072554768818981
1,0.6666666666666666,1.0,4.034,1.407501576207586
2,0.6666666666666666,1.0,4.086,1.4087812927011627
3,0.6666666666666666,1.0,4.087999999999999,1.4088305125663003
4,0.6666666666666666,1.0,4.0920000000000005,1.4089289522965756
5,0.6666666666666666,1.0,4.1,1.4091258317571258
6,0.6666666666666666,1.0,4.045999999999999,1.4077968953984112
7,0.6666666666666666,0.8,4.062,1.2653335114623692
8,0.6666666666666666,1.0,4.0520000000000005,1.407944554993824
9,0.6666666666666666,1.0,4.050000000000001,1.4078953351286865
index,gender_rate,school_diversity,cgpa_average,*diversity
0,0.6666666666666666,1.0,4.023999999999999,1.2709222467500612
1,0.6666666666666666,1.0,4.066,1.271952415992151
2,0.6666666666666666,1.0,4.094,1.2726391954868774
3,0.6666666666666666,1.0,4.101999999999999,1.2728354181996564
4,0.6666666666666666,1.0,4.12,1.2732769193034092
5,0.6666666666666666,1.0,4.13,1.273522197694383
6,0.6666666666666666,1.0,4.023999999999999,1.2709222467500612
7,0.6666666666666666,0.8,4.072,1.138766249693402
8,0.6666666666666666,1.0,4.052,1.2716090262447877
9,0.6666666666666666,1.0,4.086,1.2724429727740985
index,gender_rate,school_diversity,cgpa_average,*diversity
0,0.6666666666666666,0.8,4.029999999999999,1.3590999239536041
1,0.6666666666666666,0.8,4.044,1.3594447855163196
2,0.6666666666666666,1.0,4.03,1.5129460777997579
3,0.6666666666666666,1.0,4.034,1.5130446096748194
4,0.6666666666666666,1.0,4.07,1.5139313965503738
5,0.6666666666666666,1.0,4.104000000000001,1.5147689174883971
6,0.6666666666666666,1.0,4.1160000000000005,1.5150645131135818
7,0.6666666666666666,1.0,4.122,1.5152123109261741
8,0.6666666666666666,0.8,4.018000000000001,1.3588043283284195
9,0.6666666666666666,1.0,4.0280000000000005,1.512896811862227
index,gender_rate,school_diversity,cgpa_average,*diversity
0,0.6666666666666666,1.0,4.054,1.3615574176873129
1,0.6666666666666666,1.0,4.08,1.3621952040779326
2,0.6666666666666666,1.0,4.098000000000001,1.3626367485022077
3,0.6666666666666666,1.0,4.112,1.3629801719433106
4,0.6666666666666666,1.0,4.114,1.3630292324348967
5,0.6666666666666666,1.0,4.122,1.3632254744012413
6,0.6666666666666666,0.8,4.023999999999999,1.2179643674563783
7,0.6666666666666666,0.8,4.022,1.217915306964792
8,0.6666666666666666,1.0,4.0600000000000005,1.3617045991620713
9,0.6666666666666666,1.0,4.08,1.3621952040779326
index,gender_rate,school_diversity,cgpa_average,*diversity
0,0.6666666666666666,1.0,4.02,1.2792889758643184
1,0.6666666666666666,1.0,4.054,1.2801206784083496
2,0.6666666666666666,1.0,4.063999999999999,1.280365296803653
3,0.6666666666666666,1.0,4.11,1.2814905414220483
4,0.6666666666666666,1.0,4.11,1.2814905414220483
5,0.6666666666666666,1.0,4.1160000000000005,1.2816373124592302
6,0.6666666666666666,1.0,4.1259999999999994,1.2818819308545335
7,0.6666666666666666,1.0,4.136000000000001,1.282126549249837
8,0.6666666666666666,1.0,4.086,1.2809034572733202
9,0.6666666666666666,1.0,4.058,1.2802185257664709
index,gender_rate,school_diversity,cgpa_average,*diversity
0,0.25,0.8,4.016,0.9175231711353857
1,0.6666666666666666,1.0,4.074,1.5281586188348228
2,0.6666666666666666,1.0,4.014,1.5266845622310494
3,0.6666666666666666,1.0,4.066,1.5279620779543197
4,0.6666666666666666,1.0,4.093999999999999,1.5286499710360808
5,0.6666666666666666,1.0,4.096,1.5286991062562065
6,0.6666666666666666,1.0,4.112,1.5290921880172128
7,0.6666666666666666,1.0,4.122,1.5293378641178417
8,0.6666666666666666,0.8,4.044,1.3940882571996027
9,0.6666666666666666,1.0,4.066000000000001,1.5279620779543197
index,gender_rate,school_diversity,cgpa_average,*diversity
0,0.6666666666666666,1.0,4.042,1.1908763274589693
1,0.6666666666666666,1.0,4.0520000000000005,1.1911217744178815
2,0.6666666666666666,1.0,4.056,1.1912199532014465
3,0.6666666666666666,1.0,4.068,1.191514489552141
4,0.6666666666666666,1.0,4.081999999999999,1.191858115294618
5,0.6666666666666666,1.0,4.094,1.1921526516453127
6,0.6666666666666666,1.0,4.096,1.192201741037095
7,0.6666666666666666,1.0,4.126,1.1929380819138315
8,0.6666666666666666,0.8,4.087999999999999,1.0670053834699653
9,0.6666666666666666,1.0,4.038,1.1907781486754045
index,gender_rate,school_diversity,cgpa_average,*diversity
0,0.25,0.8,4.072,0.9440384374983016
1,0.25,1.0,4.0840000000000005,1.0776652698288467
2,0.6666666666666666,1.0,4.084,1.596183788347365
3,0.25,1.0,4.12,1.0785457668204819
4,0.6666666666666666,0.8,4.055999999999999,1.4621656240205376
5,0.6666666666666666,1.0,4.024,1.5947162933613062
6,0.6666666666666666,1.0,4.083999999999999,1.596183788347365
7,0.6666666666666666,1.0,4.0920000000000005,1.5963794543455063
8,0.6666666666666666,1.0,4.12,1.5970642853390002
9,0.6666666666666666,1.0,4.15,1.5977980328320298
index,gender_rate,school_diversity,cgpa_average,*diversity
0,0.6666666666666666,0.8,4.082,1.1811398258938524
1,0.6666666666666666,0.8,4.095999999999999,1.1814827278239004
2,0.6666666666666666,0.8,4.114,1.181923601733962
3,0.6666666666666666,1.0,4.068,1.3141302572971376
4,0.6666666666666666,1.0,4.07,1.3141792432871446
5,0.6666666666666666,1.0,4.082,1.3144731592271857
6,0.6666666666666666,1.0,4.106,1.315060991107268
7,0.6666666666666666,1.0,4.18,1.3168734727375218
8,0.6666666666666666,1.0,3.976,1.3118769017568221
9,0.6666666666666666,1.0,4.054,1.3137873553670896
index,gender_rate,school_diversity,cgpa_average,*diversity
0,0.6666666666666666,1.0,4.0520000000000005,1.5132231696500562
1,0.6666666666666666,1.0,4.0600000000000005,1.5134197105305596
2,0.6666666666666666,1.0,4.08,1.5139110627318173
3,0.6666666666666666,1.0,4.088,1.5141076036123204
4,0.6666666666666666,1.0,4.095999999999999,1.5143041444928236
5,0.6666666666666666,1.0,4.096,1.5143041444928236
6,0.6666666666666666,0.8,4.044,1.3591804749233993
7,0.6666666666666666,1.0,4.066,1.5135671161909368
8,0.6666666666666666,1.0,4.068,1.5136162514110625
9,0.6666666666666666,1.0,4.054,1.5132723048701822
index,gender_rate,school_diversity,cgpa_average,*diversity
0,0.6666666666666666,0.8,4.112,1.2199895922410462
1,0.6666666666666666,1.0,4.074000000000001,1.3619158188806486
2,0.6666666666666666,1.0,4.082,1.3621118012422362
3,0.6666666666666666,1.0,4.086,1.3622097924230299
4,0.6666666666666666,1.0,4.086,1.3622097924230299
5,0.6666666666666666,1.0,4.136,1.3634346821829515
6,0.6666666666666666,0.8,4.0200000000000005,1.2177357950827905
7,0.6666666666666666,0.8,4.061999999999999,1.2187647024811246
8,0.6666666666666666,1.0,4.0600000000000005,1.3615728497478705
9,0.6666666666666666,1.0,4.101999999999999,1.3626017571462048
index,gender_rate,school_diversity,cgpa_average,*diversity
0,0.6666666666666666,1.0,4.0280000000000005,1.3346713446762488
1,0.6666666666666666,1.0,4.032,1.3347694319739438
2,0.6666666666666666,1.0,4.055999999999999,1.3353579557601134
3,0.6666666666666666,1.0,4.068,1.3356522176531984
4,0.6666666666666666,1.0,4.09,1.3361916977905206
5,0.6666666666666666,1.0,4.098,1.3363878723859104
6,0.6666666666666666,1.0,4.116,1.3368292652255378
7,0.6666666666666666,1.0,4.17,1.3381534437444196
8,0.6666666666666666,0.8,4.144,1.1836697224632486
9,0.6666666666666666,1.0,3.978,1.333445253455062
index,gender_rate,school_diversity,cgpa_average,*diversity
0,0.6666666666666666,1.0,3.9859999999999998,1.5119106237698507
1,0.6666666666666666,1.0,4.056,1.5136357814985573
2,0.6666666666666666,1.0,4.0600000000000005,1.5137343619401977
3,0.6666666666666666,1.0,4.07,1.5139808130442987
4,0.6666666666666666,1.0,4.072,1.5140301032651189
5,0.6666666666666666,1.0,4.112,1.5150159076815226
6,0.6666666666666666,0.8,4.04,1.3593953058858421
7,0.6666666666666666,1.0,4.037999999999999,1.5131921695111756
8,0.6666666666666666,1.0,4.036,1.5131428792903554
9,0.6666666666666666,0.8,4.106,1.3610218831729084
index,gender_rate,school_diversity,cgpa_average,*diversity
0,0.25,1.0,4.044,1.0986535024318385
1,0.25,1.0,4.086,1.0996800459132874
2,0.6666666666666666,1.0,4.076,1.5753128237811127
3,0.6666666666666666,1.0,4.048,1.5746284614601467
4,0.6666666666666666,1.0,4.086,1.5755572388957433
5,0.6666666666666666,1.0,4.103999999999999,1.5759971861020785
6,0.6666666666666666,1.0,4.117999999999999,1.5763393672625616
7,0.6666666666666666,1.0,4.136,1.5767793144688969
8,0.6666666666666666,1.0,4.142,1.5769259635376751
9,0.6666666666666666,1.0,4.074,1.5752639407581865
index,gender_rate,school_diversity,cgpa_average,*diversity
0,0.25,1.0,4.072,1.0519773384647662
1,0.6666666666666666,1.0,4.0920000000000005,1.5283446314276183
2,0.25,1.0,4.0840000000000005,1.0522713984530037
3,0.6666666666666666,0.8,4.029999999999999,1.3934919881550574
4,0.6666666666666666,1.0,4.048,1.527266411470747
5,0.6666666666666666,1.0,4.076,1.5279525514433014
6,0.6666666666666666,1.0,4.096,1.5284426514236975
7,0.6666666666666666,1.0,4.098,1.528491661421737
8,0.6666666666666666,1.0,4.1240000000000006,1.529128791396252
9,0.6666666666666666,0.6,4.087999999999999,1.2615799447648721
index,gender_rate,school_diversity,cgpa_average,*diversity
0,0.6666666666666666,0.8,4.045999999999999,1.2992980906101212
1,0.6666666666666666,1.0,4.026000000000001,1.4238072448829333
2,0.6666666666666666,1.0,4.046,1.4242980906101212
3,0.6666666666666666,1.0,4.075999999999999,1.425034359200903
4,0.6666666666666666,1.0,4.108,1.4258197123644039
5,0.6666666666666666,1.0,4.116,1.426016050655279
6,0.6666666666666666,1.0,4.1240000000000006,1.4262123889461542
7,0.6666666666666666,0.8,4.106,1.300770627791685
8,0.6666666666666666,1.0,4.016,1.4235618220193393
9,0.6666666666666666,1.0,4.082,1.4251816129190595
index,gender_rate,school_diversity,cgpa_average,*diversity
0,0.6666666666666666,0.8,4.122,1.220452733608505
1,0.6666666666666666,1.0,4.045999999999999,1.361444021609515
2,0.6666666666666666,1.0,4.076,1.3621805432632514
3,0.6666666666666666,1.0,4.078,1.3622296447068338
4,0.6666666666666666,1.0,4.0840000000000005,1.3623769490375812
5,0.6666666666666666,1.0,4.162000000000001,1.3642919053372964
6,0.6666666666666666,0.8,4.044,1.2185377773087895
7,0.6666666666666666,0.8,4.017999999999999,1.2178994585422178
8,0.6666666666666666,1.0,4.031999999999999,1.3611003115044378
9,0.6666666666666666,1.0,4.069999999999999,1.3620332389325043
index,gender_rate,school_diversity,cgpa_average,*diversity
0,0.6666666666666666,1.0,4.036,1.3347269574215064
1,0.6666666666666666,1.0,4.044,1.3349228534007413
2,0.6666666666666666,1.0,4.072,1.335608489328064
3,0.6666666666666666,1.0,4.082,1.3358533593021078
4,0.6666666666666666,1.0,4.090000000000001,1.3360492552813428
5,0.6666666666666666,1.0,4.114,1.336636943219048
6,0.6666666666666666,1.0,4.130000000000001,1.337028735177518
7,0.6666666666666666,1.0,4.144,1.3373715531411792
8,0.6666666666666666,1.0,4.04,1.3348249054111239
9,0.6666666666666666,0.8,4.086,1.1821051534455715
index,gender_rate,school_diversity,cgpa_average,*diversity
0,0.6666666666666666,1.0,4.054,1.3346550485649145
1,0.6666666666666666,1.0,4.0600000000000005,1.3348012117805053
2,0.6666666666666666,1.0,4.072,1.3350935382116866
3,0.6666666666666666,1.0,4.088,1.3354833067865952
4,0.6666666666666666,1.0,4.106,1.3359217964333674
5,0.6666666666666666,1.0,4.124,1.3363602860801398
6,0.6666666666666666,1.0,4.1819999999999995,1.3377731971641835
7,0.6666666666666666,1.0,4.228,1.3388937818170459
8,0.6666666666666666,1.0,4.086,1.3354345857147316
9,0.6666666666666666,0.8,4.05,1.1807114525750335
index,gender_rate,school_diversity,cgpa_average,*diversity
0,0.6666666666666666,1.0,4.036,1.2318588679490934
1,0.6666666666666666,1.0,4.054,1.2322982781629397
2,0.6666666666666666,1.0,4.072,1.232737688376786
3,0.6666666666666666,1.0,4.0920000000000005,1.2332259219477264
4,0.6666666666666666,1.0,4.112,1.2337141555186668
5,0.6666666666666666,1.0,4.13,1.2341535657325131
6,0.6666666666666666,1.0,4.145999999999999,1.2345441525892653
7,0.6666666666666666,1.0,4.1659999999999995,1.2350323861602057
8,0.6666666666666666,1.0,4.106,1.2335676854473847
9,0.6666666666666666,1.0,4.05,1.2322006314487517
index,gender_rate,school_diversity,cgpa_average,*diversity
0,0.6666666666666666,1.0,4.031999999999999,1.334109546775791
1,0.6666666666666666,1.0,4.05,1.3345479936993552
2,0.6666666666666666,1.0,4.077999999999999,1.3352300222471216
3,0.6666666666666666,1.0,4.119999999999999,1.336253065068771
4,0.6666666666666666,1.0,4.14,1.3367402283171756
5,0.6666666666666666,1.0,4.144,1.3368376609668564
6,0.6666666666666666,1.0,4.238,1.3391273282343579
7,0.6666666666666666,1.0,4.094,1.335619752845845
8,0.6666666666666666,1.0,4.068,1.3349864406229193
9,0.6666666666666666,0.8,4.090000000000001,1.1816761663500106
index,gender_rate,school_diversity,cgpa_average,*diversity
0,0.6666666666666666,1.0,4.050000000000001,1.2713848489300228
1,0.6666666666666666,1.0,4.072,1.2719235101121393
2,0.6666666666666666,1.0,4.084,1.2722173253023847
3,0.6666666666666666,1.0,4.1,1.2726090788893785
4,0.6666666666666666,1.0,4.127999999999999,1.2732946476666176
5,0.6666666666666666,1.0,4.138,1.2735394936584887
6,0.6666666666666666,1.0,4.026,1.2707972185495322
7,0.6666666666666666,1.0,4.08,1.2721193869056362
8,0.6666666666666666,1.0,4.064,1.2717276333186425
9,0.6666666666666666,0.8,4.1000000000000005,1.1392757455560452
index,gender_rate,school_diversity,cgpa_average,*diversity
0,0.25,0.8,4.086,0.8744450934579441
1,0.6666666666666666,0.8,4.036,1.2760059709241953
2,0.6666666666666666,1.0,4.074,1.4102641484942886
3,0.6666666666666666,1.0,4.09,1.410653556593977
4,0.6666666666666666,1.0,4.093999999999999,1.4107509086188994
5,0.6666666666666666,1.0,4.109999999999999,1.4111403167185879
6,0.6666666666666666,1.0,4.136,1.4117731048805815
7,0.6666666666666666,1.0,4.138,1.4118217808930427
8,0.6666666666666666,1.0,4.220000000000001,1.4138174974039461
9,0.6666666666666666,1.0,4.104000000000001,1.4109942886812046
index,gender_rate,school_diversity,cgpa_average,*diversity
0,0.6666666666666666,1.0,4.072,1.271816215276079
1,0.6666666666666666,1.0,4.086,1.272158630772826
2,0.6666666666666666,1.0,4.104000000000001,1.2725988792686438
3,0.6666666666666666,1.0,4.104,1.2725988792686438
4,0.6666666666666666,1.0,4.106,1.2726477957681792
5,0.6666666666666666,1.0,4.128,1.2731858772630673
6,0.6666666666666666,0.8,4.045999999999999,1.137846967448787
7,0.6666666666666666,1.0,4.055999999999999,1.2714248832797967
8,0.6666666666666666,1.0,4.076,1.2719140482751496
9,0.6666666666666666,1.0,4.108,1.2726967122677144
index,gender_rate,school_diversity,cgpa_average,*diversity
0,0.25,1.0,4.074,1.0759290998595485
1,0.6666666666666666,1.0,4.024,1.5122123180041995
2,0.6666666666666666,1.0,4.122,1.5145972104406835
3,0.6666666666666666,1.0,4.122,1.5145972104406835
4,0.6666666666666666,1.0,4.138,1.5149865806343952
5,0.6666666666666666,1.0,4.142,1.515083923182823
6,0.6666666666666666,1.0,4.1579999999999995,1.5154732933765347
7,0.6666666666666666,0.8,4.138,1.3721294377772524
8,0.6666666666666666,1.0,4.054,1.5129423871174088
9,0.6666666666666666,0.8,4.12,1.3716913963093267
index,gender_rate,school_diversity,cgpa_average,*diversity
0,0.6666666666666666,1.0,4.064,1.45844064501506
1,0.6666666666666666,1.0,4.034,1.4577045931970118
2,0.6666666666666666,1.0,4.081999999999999,1.4588822761058886
3,0.6666666666666666,1.0,4.0920000000000005,1.4591276267119047
4,0.6666666666666666,1.0,4.098000000000001,1.4592748370755142
5,0.6666666666666666,1.0,4.098000000000001,1.4592748370755142
6,0.6666666666666666,1.0,4.106,1.459471117560327
7,0.6666666666666666,1.0,4.0200000000000005,1.4573611023485895
8,0.6666666666666666,1.0,4.076,1.458735065742279
9,0.6666666666666666,1.0,4.088,1.4590294864694981
index,gender_rate,school_diversity,cgpa_average,*diversity
0,0.25,0.8,4.098,0.9123973608053282
1,0.6666666666666666,0.8,4.058,1.3142058645693424
2,0.6666666666666666,0.8,4.074,1.3145935741748478
3,0.6666666666666666,1.0,4.04,1.4566268341202915
4,0.6666666666666666,1.0,4.140000000000001,1.4590500191547007
5,0.6666666666666666,1.0,4.1419999999999995,1.459098482855389
6,0.6666666666666666,1.0,4.16,1.4595346561615825
7,0.6666666666666666,1.0,4.164,1.459631583562959
8,0.6666666666666666,1.0,4.246,1.4616185952911747
9,0.6666666666666666,0.6,4.146,1.1734811245424794
index,gender_rate,school_diversity,cgpa_average,*diversity
0,0.6666666666666666,1.0,3.9859999999999998,1.4641191139797565
1,0.6666666666666666,1.0,4.054,1.4657816243704465
2,0.6666666666666666,1.0,4.072,1.466221700650335
3,0.6666666666666666,1.0,4.094,1.4667595716590875
4,0.6666666666666666,1.0,4.132,1.4676886215832967
5,0.6666666666666666,1.0,4.134,1.4677375189477289
6,0.6666666666666666,1.0,4.134,1.4677375189477289
7,0.6666666666666666,1.0,4.144,1.4679820057698891
8,0.6666666666666666,0.8,4.088,1.333279546232458
9,0.25,0.8,4.064,0.8951927778592734
index,gender_rate,school_diversity,cgpa_average,*diversity
0,0.25,1.0,4.036,1.035095758190132
1,0.25,1.0,4.088,1.0363710806995743
2,0.25,0.8,4.07,0.9109296229078443
3,0.6666666666666666,1.0,4.154000000000001,1.5565082777877695
4,0.6666666666666666,1.0,3.978,1.552191801601965
5,0.6666666666666666,1.0,4.074,1.5545462431578583
6,0.6666666666666666,1.0,4.087999999999999,1.5548895992180927
7,0.6666666666666666,1.0,4.090000000000001,1.5549386500838405
8,0.6666666666666666,1.0,4.093999999999999,1.555036751815336
9,0.6666666666666666,1.0,4.101999999999999,1.5552329552783273
index,gender_rate,school_diversity,cgpa_average,*diversity
0,0.25,1.0,4.064,1.1381739294761788
1,0.25,0.8,4.04,1.004252216638065
2,0.25,1.0,4.066,1.1382229611015773
3,0.25,1.0,4.05,1.1378307080983903
4,0.6666666666666666,1.0,4.097999999999999,1.7587991337746178
5,0.6666666666666666,0.8,4.074000000000001,1.624877420936504
6,0.6666666666666666,0.8,4.108,1.6257109585682765
7,0.6666666666666666,1.0,4.0920000000000005,1.7586520388984228
8,0.6666666666666666,1.0,4.096,1.7587501021492196
9,0.6666666666666666,1.0,4.102,1.7588971970254146
index,gender_rate,school_diversity,cgpa_average,*diversity
0,0.6666666666666666,1.0,4.066,1.3597139434120862
1,0.6666666666666666,1.0,4.078000000000001,1.3600064408527335
2,0.6666666666666666,1.0,4.112,1.3608351836012345
3,0.6666666666666666,1.0,4.13,1.3612739297622056
4,0.6666666666666666,1.0,4.136,1.3614201784825293
5,0.6666666666666666,1.0,4.145999999999999,1.3616639263497354
6,0.6666666666666666,0.8,4.068,1.226429359652194
7,0.6666666666666666,1.0,4.0840000000000005,1.3601526895730571
8,0.6666666666666666,1.0,4.082,1.360103939999616
9,0.6666666666666666,1.0,4.124,1.3611276810418818
index,gender_rate,school_diversity,cgpa_average,*diversity
0,0.6666666666666666,1.0,4.087999999999999,1.3142828234371806
1,0.6666666666666666,1.0,4.108,1.3147710331720825
2,0.6666666666666666,1.0,4.112,1.314868675119063
3,0.6666666666666666,1.0,4.118,1.3150151380395336
4,0.6666666666666666,1.0,4.132,1.3153568848539652
5,0.6666666666666666,1.0,4.136,1.3154545268009457
6,0.6666666666666666,1.0,4.144,1.3156498106949064
7,0.6666666666666666,1.0,4.159999999999999,1.316040378482828
8,0.6666666666666666,1.0,3.936,1.3105724294519245
9,0.6666666666666666,0.8,4.031999999999999,1.1795825028461213
index,gender_rate,school_diversity,cgpa_average,*diversity
0,0.6666666666666666,0.8,4.106,1.1772086924986749
1,0.6666666666666666,1.0,4.061999999999999,1.318991826373197
2,0.6666666666666666,1.0,4.112,1.320212291126175
3,0.6666666666666666,1.0,4.114,1.3202611097162942
4,0.6666666666666666,1.0,4.114,1.3202611097162942
5,0.6666666666666666,1.0,4.172,1.3216768488297486
6,0.6666666666666666,1.0,4.018,1.3179178173905766
7,0.6666666666666666,1.0,4.069999999999999,1.3191871007336735
8,0.6666666666666666,1.0,4.066,1.3190894635534354
9,0.6666666666666666,0.8,4.134,1.1778921527603425
index,gender_rate,school_diversity,cgpa_average,*diversity
0,0.6666666666666666,1.0,4.066000000000001,1.235703590553167
1,0.6666666666666666,1.0,4.084,1.236144702154402
2,0.6666666666666666,1.0,4.092,1.236340751754951
3,0.6666666666666666,1.0,4.0920000000000005,1.2363407517549512
4,0.6666666666666666,1.0,4.098,1.2364877889553627
5,0.6666666666666666,1.0,4.104,1.2366348261557745
6,0.6666666666666666,0.8,4.074,1.1182525813301865
7,0.6666666666666666,1.0,4.034,1.2349193921509714
8,0.6666666666666666,1.0,4.0920000000000005,1.2363407517549512
9,0.6666666666666666,1.0,4.07,1.2358016153534415
index,gender_rate,school_diversity,cgpa_average,*diversity
0,0.6666666666666666,1.0,4.106,1.3198607573205643
1,0.6666666666666666,1.0,4.112,1.3200069134152734
2,0.6666666666666666,1.0,4.117999999999999,1.3201530695099826
3,0.6666666666666666,1.0,4.138,1.3206402564923463
4,0.6666666666666666,1.0,4.144,1.3207864125870554
5,0.6666666666666666,1.0,4.178,1.321614630457074
6,0.6666666666666666,1.0,4.044,1.3183504776752364
7,0.6666666666666666,1.0,4.0680000000000005,1.318935102054073
8,0.6666666666666666,1.0,4.048,1.3184479150717092
9,0.6666666666666666,1.0,4.096000000000001,1.3196171638293823
index,gender_rate,school_diversity,cgpa_average,*diversity
0,0.6666666666666666,0.8,4.043999999999999,1.2648807366657655
1,0.6666666666666666,1.0,4.066,1.408279244747575
2,0.6666666666666666,1.0,4.07,1.4083776747884234
3,0.6666666666666666,1.0,4.093999999999999,1.408968255033514
4,0.6666666666666666,1.0,4.110000000000001,1.409361975196908
5,0.6666666666666666,1.0,4.114,1.4094604052377564
6,0.6666666666666666,0.8,4.026,1.2644378014819473
7,0.6666666666666666,1.0,4.016,1.407048869236969
8,0.6666666666666666,1.0,4.062,1.4081808147067263
9,0.6666666666666666,1.0,4.036,1.4075410194412115
index,gender_rate,school_diversity,cgpa_average,*diversity
0,0.6666666666666666,1.0,4.004,1.2292248507748753
1,0.6666666666666666,1.0,4.034,1.2299641312085865
2,0.6666666666666666,1.0,4.038,1.2300627019330814
3,0.6666666666666666,1.0,4.066,1.2307526970045453
4,0.6666666666666666,1.0,4.068,1.2308019823667926
5,0.6666666666666666,1.0,4.0840000000000005,1.2311962652647719
6,0.6666666666666666,1.0,4.096,1.2314919774382564
7,0.6666666666666666,1.0,4.1979999999999995,1.2340055309128743
8,0.6666666666666666,0.8,3.9979999999999998,1.1040769946881333
9,0.6666666666666666,1.0,3.9939999999999998,1.2289784239636383
index,gender_rate,school_diversity,cgpa_average,*diversity
0,0.6666666666666666,1.0,4.024,1.2713745975425452
1,0.6666666666666666,1.0,4.056,1.2721630856166632
2,0.6666666666666666,1.0,4.06,1.272261646625928
3,0.6666666666666666,1.0,4.082,1.272803732176884
4,0.6666666666666666,1.0,4.101999999999999,1.2732965372232077
5,0.6666666666666666,1.0,4.132,1.274035744792693
6,0.6666666666666666,1.0,4.008,1.2709803535054864
7,0.6666666666666666,1.0,4.036,1.2716702805703395
8,0.6666666666666666,1.0,4.048,1.2719659635981337
9,0.6666666666666666,1.0,4.036,1.2716702805703395
index,gender_rate,school_diversity,cgpa_average,*diversity
0,0.6666666666666666,1.0,4.07,1.318733290445799
1,0.6666666666666666,1.0,4.108,1.3196566066086912
2,0.6666666666666666,1.0,4.128,1.3201425624838978
3,0.6666666666666666,1.0,4.138,1.320385540421501
4,0.6666666666666666,1.0,4.1499999999999995,1.320677113946625
5,0.6666666666666666,1.0,4.19,1.3216490256970381
6,0.6666666666666666,1.0,4.058,1.318441716920675
7,0.6666666666666666,1.0,4.106,1.3196080110211705
8,0.6666666666666666,1.0,4.095999999999999,1.3193650330835673
9,0.6666666666666666,1.0,4.112,1.3197537977837326
index,gender_rate,school_diversity,cgpa_average,*diversity
0,0.6666666666666666,1.0,4.054,1.3687585061788883
1,0.6666666666666666,1.0,4.058000000000001,1.368856497359682
2,0.6666666666666666,1.0,4.08,1.3693954488540474
3,0.6666666666666666,1.0,4.095999999999999,1.3697874135772223
4,0.6666666666666666,1.0,4.1,1.369885404758016
5,0.6666666666666666,1.0,4.106,1.3700323915292068
6,0.6666666666666666,1.0,4.118,1.370326365071588
7,0.6666666666666666,1.0,4.128,1.3705713430235722
8,0.6666666666666666,0.8,4.021999999999999,1.2429745767325384
9,0.6666666666666666,1.0,4.058,1.368856497359682
index,gender_rate,school_diversity,cgpa_average,*diversity
0,0.25,1.0,4.0920000000000005,1.0364593380962501
1,0.25,1.0,4.101999999999999,1.0367045683674747
2,0.25,0.8,4.05,0.9104293709571065
3,0.6666666666666666,1.0,4.072000000000001,1.5544873960723191
4,0.6666666666666666,1.0,4.042,1.5537517052586451
5,0.6666666666666666,1.0,4.058,1.5541440736926047
6,0.6666666666666666,1.0,4.066000000000001,1.5543402579095844
7,0.6666666666666666,1.0,4.078,1.554634534235054
8,0.6666666666666666,1.0,4.104,1.5552721329402381
9,0.6666666666666666,1.0,4.114,1.5555173632114627
index,gender_rate,school_diversity,cgpa_average,*diversity
0,0.6666666666666666,1.0,4.08,1.4163462555837671
1,0.6666666666666666,1.0,4.102,1.4168816396001207
2,0.6666666666666666,1.0,4.109999999999999,1.4170763246969764
3,0.6666666666666666,1.0,4.1240000000000006,1.4174170236164743
4,0.6666666666666666,1.0,4.128,1.4175143661649021
5,0.6666666666666666,1.0,4.25,1.4204833138919535
6,0.6666666666666666,0.8,4.058,1.2619647177212598
7,0.6666666666666666,1.0,4.048,1.4155675151963436
8,0.6666666666666666,1.0,4.076,1.416248913035339
9,0.6666666666666666,1.0,4.1160000000000005,1.4172223385196183
index,gender_rate,school_diversity,cgpa_average,*diversity
0,0.6666666666666666,1.0,4.078,1.5136764040249293
1,0.6666666666666666,0.8,4.192,1.3735977159569652
2,0.6666666666666666,1.0,4.064,1.5133351902788899
3,0.6666666666666666,1.0,4.086,1.5138713833083806
4,0.6666666666666666,1.0,4.104,1.5143100866961454
5,0.6666666666666666,1.0,4.122,1.5147487900839105
6,0.6666666666666666,1.0,4.134,1.5150412590090874
7,0.6666666666666666,0.8,4.072000000000001,1.3706730267051983
8,0.6666666666666666,0.8,4.05,1.3701368336757076
9,0.6666666666666666,1.0,4.128,1.514895024546499
index,gender_rate,school_diversity,cgpa_average,*diversity
0,0.6666666666666666,1.0,4.037999999999999,1.4242381420496435
1,0.6666666666666666,1.0,4.052,1.4245822069304497
2,0.6666666666666666,1.0,4.054,1.4246313590562791
3,0.6666666666666666,1.0,4.056,1.4246805111821086
4,0.6666666666666666,1.0,4.064,1.4248771196854264
5,0.6666666666666666,1.0,4.093999999999999,1.425614401572868
6,0.6666666666666666,1.0,4.098000000000001,1.425712705824527
7,0.6666666666666666,1.0,4.138,1.4266957483411156
8,0.6666666666666666,0.8,4.062,1.299827967559597
9,0.25,0.8,4.034000000000001,0.8616398377979847
index,gender_rate,school_diversity,cgpa_average,*diversity
0,0.6666666666666666,0.8,4.0920000000000005,1.1187822398371001
1,0.6666666666666666,1.0,4.0520000000000005,1.2354481850967345
2,0.6666666666666666,1.0,4.066,1.2357915748440977
3,0.6666666666666666,1.0,4.0920000000000005,1.2364292986606296
4,0.6666666666666666,1.0,4.0920000000000005,1.2364292986606296
5,0.6666666666666666,1.0,4.116,1.2370179667989665
6,0.6666666666666666,1.0,4.12,1.237116078155356
7,0.6666666666666666,1.0,4.124,1.2372141895117454
8,0.6666666666666666,0.8,3.982,1.1160841775363888
9,0.6666666666666666,1.0,4.034,1.2350066839929816
index,gender_rate,school_diversity,cgpa_average,*diversity
0,0.25,1.0,4.031999999999999,1.02714489372732
1,0.25,1.0,4.0920000000000005,1.0286029030585797
2,0.6666666666666666,0.8,4.092,1.3327695697252464
3,0.6666666666666666,1.0,4.0840000000000005,1.4659085018144116
4,0.6666666666666666,1.0,4.1,1.4662973043027476
5,0.6666666666666666,1.0,4.151999999999999,1.4675609123898394
6,0.6666666666666666,1.0,4.152,1.4675609123898394
7,0.6666666666666666,1.0,4.234,1.4695535251425609
8,0.6666666666666666,0.8,4.096000000000001,1.3328667703473303
9,0.6666666666666666,0.8,4.118,1.3334013737687922
index,gender_rate,school_diversity,cgpa_average,*diversity
0,0.6666666666666666,0.8,4.096,1.227331355375131
1,0.6666666666666666,0.8,4.104,1.2275267823831437
2,0.6666666666666666,1.0,4.108,1.3609578292204831
3,0.6666666666666666,1.0,4.114,1.3611043994764926
4,0.6666666666666666,1.0,4.118,1.3612021129804988
5,0.6666666666666666,1.0,4.128,1.3614463967405146
6,0.6666666666666666,1.0,4.045999999999999,1.3594432699083863
7,0.6666666666666666,0.8,4.054,1.2263053635830654
8,0.6666666666666666,1.0,4.07,1.3600295509324238
9,0.6666666666666666,1.0,4.098,1.3607135454604675
index,gender_rate,school_diversity,cgpa_average,*diversity
0,0.25,1.0,4.07,1.0106148461849094
1,0.25,1.0,4.053999999999999,1.0102213777607505
2,0.6666666666666666,0.8,4.095999999999999,1.3621314253566235
3,0.6666666666666666,1.0,4.034,1.4856067352130076
4,0.6666666666666666,1.0,4.04,1.4857542858720671
5,0.6666666666666666,1.0,4.078,1.4866887733794447
6,0.6666666666666666,1.0,4.082,1.4867871404854844
7,0.6666666666666666,1.0,4.082000000000001,1.4867871404854844
8,0.6666666666666666,1.0,4.109999999999999,1.4874757102277627
9,0.6666666666666666,1.0,4.018,1.4852132667888487
index,gender_rate,school_diversity,cgpa_average,*diversity
0,0.6666666666666666,1.0,4.01,1.3683639767351345
1,0.6666666666666666,1.0,4.026000000000001,1.3687586681357957
2,0.6666666666666666,1.0,4.038,1.3690546866862916
3,0.6666666666666666,1.0,4.058,1.3695480509371178
4,0.6666666666666666,1.0,4.061999999999999,1.3696467237872831
5,0.6666666666666666,1.0,4.074,1.369942742337779
6,0.6666666666666666,1.0,4.086,1.370238760888275
7,0.6666666666666666,1.0,4.095999999999999,1.370485443013688
8,0.25,1.0,4.042,0.9663755817586791
9,0.6666666666666666,1.0,4.045999999999999,1.369252032386622
index,gender_rate,school_diversity,cgpa_average,*diversity
0,0.6666666666666666,1.0,4.128,1.5783037859601274
1,0.6666666666666666,1.0,4.072,1.576940061042925
2,0.6666666666666666,1.0,4.101999999999999,1.5776706279628547
3,0.6666666666666666,1.0,4.112,1.577914150269498
4,0.6666666666666666,1.0,4.12,1.5781089681148128
5,0.6666666666666666,1.0,4.122,1.5781576725761415
6,0.6666666666666666,1.0,4.14,1.5785960127280994
7,0.6666666666666666,0.6,4.12,1.2447756347814793
8,0.6666666666666666,1.0,4.08,1.5771348788882396
9,0.6666666666666666,1.0,4.068,1.5768426521202676
index,gender_rate,school_diversity,cgpa_average,*diversity
0,0.6666666666666666,0.8,4.112,1.3167958511371038
1,0.6666666666666666,0.8,4.124,1.317090373029898
2,0.6666666666666666,1.0,4.062,1.4584258194409383
3,0.6666666666666666,1.0,4.072,1.4586712543516
4,0.6666666666666666,1.0,4.074,1.4587203413337324
5,0.6666666666666666,1.0,4.168,1.4610274294939523
6,0.6666666666666666,1.0,4.0,1.4569041229948358
7,0.6666666666666666,0.8,4.016,1.3144396759947516
8,0.6666666666666666,1.0,4.0200000000000005,1.4573949928161591
9,0.6666666666666666,1.0,4.096,1.459260298137188
index,gender_rate,school_diversity,cgpa_average,*diversity
0,0.25,1.0,4.086,1.0288641095712148
1,0.6666666666666666,0.8,4.036,1.3318107879497691
2,0.6666666666666666,1.0,4.034000000000001,1.4650953217515779
3,0.6666666666666666,1.0,4.068,1.4659249137874943
4,0.6666666666666666,1.0,4.084,1.4663153100396902
5,0.6666666666666666,1.0,4.109999999999999,1.4669497039495087
6,0.6666666666666666,1.0,4.114000000000001,1.4670473030125577
7,0.6666666666666666,1.0,4.119999999999999,1.4671937016071313
8,0.6666666666666666,1.0,4.225999999999999,1.4697800767779297
9,0.6666666666666666,0.6,4.106,1.2001854382197932
index,gender_rate,school_diversity,cgpa_average,*diversity
0,0.6666666666666666,1.0,4.074,1.2722016357905543
1,0.6666666666666666,1.0,4.1,1.27283584400599
2,0.6666666666666666,1.0,4.102,1.2728846292533311
3,0.6666666666666666,1.0,4.108,1.2730309849953547
4,0.6666666666666666,1.0,4.1240000000000006,1.2734212669740843
5,0.6666666666666666,1.0,4.142,1.2738603342001553
6,0.6666666666666666,0.8,4.084,1.1474455620272603
7,0.6666666666666666,1.0,4.078,1.2722992062852367
8,0.6666666666666666,0.8,4.06,1.1468601390591657
9,0.6666666666666666,1.0,4.1240000000000006,1.2734212669740843
index,gender_rate,school_diversity,cgpa_average,*diversity
0,0.6666666666666666,1.0,4.042,1.5128897448485077
1,0.6666666666666666,1.0,4.0600000000000005,1.5133315710635298
2,0.6666666666666666,1.0,4.064,1.513429754666868
3,0.6666666666666666,1.0,4.066000000000001,1.5134788464685371
4,0.6666666666666666,1.0,4.086,1.5139697644852284
5,0.6666666666666666,1.0,4.093999999999999,1.5141661316919048
6,0.6666666666666666,1.0,4.094,1.5141661316919048
7,0.6666666666666666,1.0,4.118,1.5147552333119343
8,0.25,0.8,4.022,0.955774895207885
9,0.6666666666666666,1.0,4.093999999999999,1.5141661316919048
index,gender_rate,school_diversity,cgpa_average,*diversity
0,0.6666666666666666,1.0,4.036,1.2326492445494364
1,0.6666666666666666,1.0,4.036,1.2326492445494364
2,0.6666666666666666,1.0,4.037999999999999,1.2326984595698607
3,0.6666666666666666,1.0,4.052,1.2330429647128303
4,0.6666666666666666,1.0,4.0680000000000005,1.2334366848762242
5,0.6666666666666666,1.0,4.098000000000001,1.2341749101825876
6,0.6666666666666666,1.0,4.1,1.234224125203012
7,0.6666666666666666,1.0,4.1160000000000005,1.2346178453664058
8,0.6666666666666666,1.0,4.078,1.2336827599783453
9,0.6666666666666666,0.8,4.016,1.0988237610118607
index,gender_rate,school_diversity,cgpa_average,*diversity
0,0.6666666666666666,1.0,4.040000000000001,1.2324306645735217
1,0.6666666666666666,1.0,4.054,1.2327740711669284
2,0.6666666666666666,1.0,4.066,1.2330684196755626
3,0.6666666666666666,1.0,4.066,1.2330684196755626
4,0.6666666666666666,1.0,4.08,1.233411826268969
5,0.6666666666666666,1.0,4.0840000000000005,1.2335099424385139
6,0.6666666666666666,1.0,4.093999999999999,1.2337552328623758
7,0.6666666666666666,1.0,4.153999999999999,1.2352269754055467
8,0.6666666666666666,1.0,4.101999999999999,1.2339514652014651
9,0.6666666666666666,0.8,4.0280000000000005,1.0988029827315542
index,gender_rate,school_diversity,cgpa_average,*diversity
0,0.6666666666666666,1.0,4.063999999999999,1.3190551754122868
1,0.6666666666666666,1.0,4.1,1.319934038749038
2,0.6666666666666666,1.0,4.12,1.320422296158344
3,0.6666666666666666,1.0,4.15,1.3211546822723035
4,0.6666666666666666,1.0,4.15,1.3211546822723035
5,0.6666666666666666,1.0,4.154,1.3212523337541646
6,0.6666666666666666,0.8,4.01,1.1748797375500173
7,0.6666666666666666,1.0,4.0280000000000005,1.3181763120755356
8,0.6666666666666666,1.0,4.087999999999999,1.3196410843034543
9,0.6666666666666666,1.0,4.098000000000001,1.3198852130081073
index,gender_rate,school_diversity,cgpa_average,*diversity
0,0.6666666666666666,1.0,4.074000000000001,1.4627400135954245
1,0.6666666666666666,1.0,4.092,1.4631799392968614
2,0.6666666666666666,1.0,4.1,1.4633754618308337
3,0.6666666666666666,1.0,4.104,1.4634732230978196
4,0.6666666666666666,1.0,4.130000000000001,1.4641086713332288
5,0.6666666666666666,1.0,4.132,1.4641575519667218
6,0.6666666666666666,1.0,4.055999999999999,1.4623000878939874
7,0.6666666666666666,1.0,4.056,1.4623000878939874
8,0.6666666666666666,1.0,4.076,1.4627888942289173
9,0.6666666666666666,1.0,4.096,1.4632777005638475
index,gender_rate,school_diversity,cgpa_average,*diversity
0,0.6666666666666666,0.8,4.056,1.1042801198628285
1,0.6666666666666666,0.8,4.104000000000001,1.1054484579019679
2,0.6666666666666666,1.0,4.0520000000000005,1.229182758359567
3,0.6666666666666666,1.0,4.118,1.2307892231633835
4,0.6666666666666666,1.0,4.13,1.2310813076731681
5,0.6666666666666666,1.0,4.138,1.2312760306796915
6,0.6666666666666666,1.0,4.138,1.2312760306796915
7,0.6666666666666666,1.0,4.176,1.2322009649606769
8,0.6666666666666666,1.0,4.054,1.2292314391111976
9,0.6666666666666666,0.8,4.118,1.1057892231633835
index,gender_rate,school_diversity,cgpa_average,*diversity
0,0.6666666666666666,1.0,4.014,1.3171052046510592
1,0.6666666666666666,1.0,4.0840000000000005,1.3188171146535048
2,0.6666666666666666,1.0,4.096,1.3191105849396383
3,0.6666666666666666,1.0,4.098000000000001,1.319159496653994
4,0.6666666666666666,1.0,4.109999999999999,1.3194529669401274
5,0.6666666666666666,1.0,4.128,1.3198931723693277
6,0.6666666666666666,1.0,4.13,1.3199420840836833
7,0.6666666666666666,1.0,4.14,1.3201866426554612
8,0.6666666666666666,1.0,4.004,1.3168606460792813
9,0.6666666666666666,0.8,4.086,1.1938660263678604
index,gender_rate,school_diversity,cgpa_average,*diversity
0,0.6666666666666666,0.8,4.0920000000000005,1.3096919269104699
1,0.6666666666666666,1.0,4.0280000000000005,1.4619682990543916
2,0.6666666666666666,1.0,4.039999999999999,1.46226263312356
3,0.6666666666666666,1.0,4.058,1.4627041342273128
4,0.6666666666666666,1.0,4.106,1.4638814705039869
5,0.6666666666666666,1.0,4.114,1.4640776932167658
6,0.6666666666666666,1.0,4.118,1.4641758045731552
7,0.6666666666666666,1.0,4.153999999999999,1.465058806780661
8,0.25,1.0,4.004,1.0901675097039334
9,0.6666666666666666,0.8,4.056,1.3088089247029644
index,gender_rate,school_diversity,cgpa_average,*diversity
0,0.6666666666666666,1.0,4.106,1.2809036954606576
1,0.6666666666666666,1.0,4.108,1.280952380952381
2,0.6666666666666666,1.0,4.113999999999999,1.2810984374275514
3,0.6666666666666666,1.0,4.118,1.2811958084109984
4,0.6666666666666666,1.0,4.119999999999999,1.2812444939027219
5,0.6666666666666666,1.0,4.124,1.2813418648861687
6,0.6666666666666666,1.0,4.1659999999999995,1.2823642602123615
7,0.6666666666666666,1.0,4.0360000000000005,1.2791997032503362
8,0.6666666666666666,1.0,4.132,1.2815366068530625
9,0.6666666666666666,0.8,4.055999999999999,1.1368294153104281
index,gender_rate,school_diversity,cgpa_average,*diversity
0,0.6666666666666666,1.0,4.056,1.4161819356144378
1,0.6666666666666666,1.0,4.068,1.4164752050801985
2,0.6666666666666666,1.0,4.086,1.41691510927884
3,0.6666666666666666,1.0,4.114,1.4175994046989482
4,0.6666666666666666,1.0,4.122,1.4177949176761222
5,0.6666666666666666,1.0,4.138,1.4181859436304698
6,0.6666666666666666,1.0,4.034,1.4156442749272098
7,0.6666666666666666,1.0,4.078,1.4167195963016659
8,0.6666666666666666,1.0,4.0600000000000005,1.4162796921030247
9,0.6666666666666666,1.0,4.162,1.4187724825619914
index,gender_rate,school_diversity,cgpa_average,*diversity
0,0.25,0.8,4.076,1.0260511952075628
1,0.25,0.8,4.086,1.0262954431680924
2,0.6666666666666666,1.0,4.086,1.6986601155327645
3,0.6666666666666666,1.0,4.061999999999999,1.6980739204274935
4,0.6666666666666666,1.0,4.09,1.6987578147169762
5,0.6666666666666666,1.0,4.098,1.6989532130854
6,0.6666666666666666,1.0,4.107999999999999,1.6991974610459293
7,0.6666666666666666,1.0,4.1240000000000006,1.6995882577827768
8,0.6666666666666666,1.0,4.128,1.6996859569669884
9,0.6666666666666666,1.0,4.084,1.6986112659406585
index,gender_rate,school_diversity,cgpa_average,*diversity
0,0.25,1.0,4.036,1.0505936066028148
1,0.6666666666666666,1.0,4.082,1.5275923131409566
2,0.6666666666666666,1.0,4.072,1.5273485058462424
3,0.6666666666666666,1.0,4.088,1.527738597517785
4,0.6666666666666666,1.0,4.104000000000001,1.528128689189328
5,0.6666666666666666,1.0,4.128,1.528713826696642
6,0.6666666666666666,1.0,4.144,1.529103918368185
7,0.6666666666666666,1.0,4.148000000000001,1.5292014412860706
8,0.6666666666666666,0.8,4.066,1.3938688881360803
9,0.6666666666666666,1.0,4.148000000000001,1.5292014412860706
index,gender_rate,school_diversity,cgpa_average,*diversity
0,0.6666666666666666,1.0,4.064,1.4072890707836105
1,0.6666666666666666,1.0,4.102,1.4082153578350927
2,0.6666666666666666,1.0,4.112,1.4084591175854826
3,0.6666666666666666,1.0,4.122,1.4087028773358727
4,0.6666666666666666,1.0,4.130000000000001,1.4088978851361846
5,0.6666666666666666,1.0,4.144,1.4092391487867306
6,0.6666666666666666,1.0,4.064,1.4072890707836105
7,0.6666666666666666,1.0,4.0920000000000005,1.4079715980847025
8,0.6666666666666666,1.0,4.096000000000001,1.4080691019848586
9,0.6666666666666666,1.0,4.098000000000001,1.4081178539349366
index,gender_rate,school_diversity,cgpa_average,*diversity
0,0.25,0.8,4.034,1.0278795331082073
1,0.6666666666666666,1.0,4.069999999999999,1.6329271276856068
2,0.6666666666666666,0.8,4.038,1.4654774139871776
3,0.6666666666666666,1.0,4.078,1.6331228894435472
4,0.6666666666666666,1.0,4.093999999999999,1.6335144129594283
5,0.6666666666666666,1.0,4.102,1.633710174717369
6,0.6666666666666666,1.0,4.14,1.634640043067587
7,0.6666666666666666,1.0,4.151999999999999,1.6349336857044976
8,0.6666666666666666,0.8,4.0600000000000005,1.4660157588215141
9,0.6666666666666666,0.8,4.098,1.466945627171732
index,gender_rate,school_diversity,cgpa_average,*diversity
0,0.6666666666666666,1.0,4.024,1.318405910021547
1,0.6666666666666666,1.0,4.086,1.3199245501038475
2,0.6666666666666666,1.0,4.101999999999999,1.3203164572218604
3,0.6666666666666666,1.0,4.106,1.3204144340013637
4,0.6666666666666666,1.0,4.11,1.320512410780867
5,0.6666666666666666,1.0,4.119999999999999,1.3207573527296252
6,0.6666666666666666,0.8,4.046,1.1760876394516722
7,0.6666666666666666,1.0,4.08,1.3197775849345925
8,0.6666666666666666,1.0,4.062,1.319336689426828
9,0.6666666666666666,1.0,4.090000000000001,1.3200225268833508
index,gender_rate,school_diversity,cgpa_average,*diversity
0,0.6666666666666666,1.0,4.05,1.3136650931109204
1,0.6666666666666666,1.0,4.05,1.3136650931109204
2,0.6666666666666666,1.0,4.088,1.3145955990122868
3,0.6666666666666666,1.0,4.1080000000000005,1.3150853389603743
4,0.6666666666666666,1.0,4.13,1.3156240529032708
5,0.6666666666666666,1.0,4.138,1.3158199488825058
6,0.6666666666666666,1.0,4.048,1.3136161191161118
7,0.6666666666666666,1.0,4.044,1.313518171126494
8,0.6666666666666666,0.8,4.07,1.1808214997256747
9,0.6666666666666666,1.0,4.112,1.315183286949992
index,gender_rate,school_diversity,cgpa_average,*diversity
0,0.6666666666666666,1.0,4.08,1.407776152535083
1,0.6666666666666666,1.0,4.095999999999999,1.4081665487872788
2,0.6666666666666666,1.0,4.106,1.4084105464449013
3,0.6666666666666666,1.0,4.12,1.4087521431655727
4,0.6666666666666666,1.0,4.1259999999999994,1.4088985417601463
5,0.6666666666666666,1.0,4.144,1.4093377375438667
6,0.6666666666666666,0.8,4.0520000000000005,1.2642358162365972
7,0.6666666666666666,0.8,4.087999999999999,1.265114207804038
8,0.6666666666666666,1.0,4.07,1.4075321548774604
9,0.6666666666666666,1.0,4.101999999999999,1.4083129473818523
index,gender_rate,school_diversity,cgpa_average,*diversity
0,0.25,0.8,4.036,0.8944551689310267
1,0.6666666666666666,1.0,4.058,1.4658260841234159
2,0.25,1.0,4.13,1.0300854429348711
3,0.6666666666666666,0.8,4.082,1.3330792037272343
4,0.6666666666666666,1.0,4.058,1.4658260841234159
5,0.6666666666666666,1.0,4.058000000000001,1.4658260841234159
6,0.6666666666666666,1.0,4.116,1.4672433453881992
7,0.6666666666666666,1.0,4.122,1.4673899586224872
8,0.6666666666666666,1.0,4.132,1.467634314012967
9,0.6666666666666666,1.0,4.132,1.467634314012967
index,gender_rate,school_diversity,cgpa_average,*diversity
0,0.6666666666666666,1.0,4.034000000000001,1.281348648131778
1,0.6666666666666666,1.0,4.076,1.2823811980383568
2,0.6666666666666666,1.0,4.082,1.282528705167868
3,0.6666666666666666,1.0,4.098,1.2829220575132314
4,0.6666666666666666,1.0,4.112,1.2832662408154243
5,0.6666666666666666,1.0,4.114,1.2833154098585946
6,0.6666666666666666,1.0,3.9939999999999998,1.2803652672683694
7,0.6666666666666666,1.0,4.0600000000000005,1.2819878456929934
8,0.6666666666666666,1.0,4.036,1.2813978171749483
9,0.6666666666666666,1.0,4.07,1.2822336909088454
index,gender_rate,school_diversity,cgpa_average,*diversity
0,0.6666666666666666,1.0,4.064,1.318075852933393
1,0.6666666666666666,1.0,4.104,1.3190516054825465
2,0.6666666666666666,1.0,4.111999999999999,1.319246755992377
3,0.6666666666666666,1.0,4.1259999999999994,1.3195882693845808
4,0.6666666666666666,1.0,4.138000000000001,1.3198809951493269
5,0.6666666666666666,1.0,4.145999999999999,1.3200761456591577
6,0.6666666666666666,1.0,4.062,1.3180270653059352
7,0.6666666666666666,1.0,4.058,1.31792949005102
8,0.6666666666666666,1.0,4.11,1.3191979683649195
9,0.6666666666666666,1.0,4.074,1.3183197910706812
index,gender_rate,school_diversity,cgpa_average,*diversity
0,0.6666666666666666,1.0,4.064,1.3599557892522252
1,0.6666666666666666,1.0,4.086,1.360493607665172
2,0.6666666666666666,1.0,4.0920000000000005,1.3606402854141573
3,0.6666666666666666,1.0,4.122,1.3613736741590847
4,0.6666666666666666,1.0,4.127999999999999,1.3615203519080703
5,0.6666666666666666,1.0,4.146,1.3619603851550266
6,0.6666666666666666,0.8,4.032000000000001,1.2258401745909693
7,0.6666666666666666,0.8,4.08,1.227013596582853
8,0.6666666666666666,1.0,4.05,1.3596135411712589
9,0.6666666666666666,0.8,4.106,1.2276492001617902
index,gender_rate,school_diversity,cgpa_average,*diversity
0,0.6666666666666666,1.0,4.042,1.4067672116918788
1,0.6666666666666666,1.0,4.082000000000001,1.407742393319457
2,0.6666666666666666,1.0,4.0840000000000005,1.407791152400836
3,0.6666666666666666,1.0,4.101999999999999,1.408229984133246
4,0.6666666666666666,1.0,4.118,1.4086200567842773
5,0.6666666666666666,1.0,4.126,1.408815093109793
6,0.6666666666666666,1.0,4.156000000000001,1.4095464793304766
7,0.6666666666666666,1.0,4.176,1.4100340701442655
8,0.6666666666666666,0.8,4.055999999999999,1.2642513824043884
9,0.6666666666666666,1.0,4.076,1.4075961160753203
index,gender_rate,school_diversity,cgpa_average,*diversity
0,0.6666666666666666,1.0,4.093999999999999,1.410969640795486
1,0.6666666666666666,1.0,4.046,1.4097988519765192
2,0.6666666666666666,1.0,4.106,1.4112623380002276
3,0.6666666666666666,1.0,4.114,1.4114574694700555
4,0.6666666666666666,1.0,4.13,1.411847732409711
5,0.6666666666666666,1.0,4.136,1.411994081012082
6,0.6666666666666666,1.0,4.154,1.4124331268191945
7,0.6666666666666666,1.0,4.049999999999999,1.409896417711433
8,0.6666666666666666,1.0,4.066,1.4102866806510888
9,0.6666666666666666,1.0,4.101999999999999,1.4111647722653138
index,gender_rate,school_diversity,cgpa_average,*diversity
0,0.6666666666666666,1.0,4.066000000000001,1.369277483140182
1,0.6666666666666666,1.0,4.042,1.3686882079486675
2,0.6666666666666666,1.0,4.05,1.3688846330125057
3,0.6666666666666666,1.0,4.056,1.3690319518103842
4,0.6666666666666666,1.0,4.082000000000001,1.3696703332678581
5,0.6666666666666666,1.0,4.118,1.3705542460551299
6,0.6666666666666666,1.0,4.167999999999999,1.3717819027041183
7,0.6666666666666666,1.0,4.034,1.3684917828848293
8,0.6666666666666666,0.8,4.016,1.2430498264911936
9,0.6666666666666666,1.0,4.096,1.370014077129575
index,gender_rate,school_diversity,cgpa_average,*diversity
0,0.6666666666666666,1.0,4.0920000000000005,1.5142075740239442
1,0.6666666666666666,0.8,4.110000000000001,1.371789970139257
2,0.6666666666666666,1.0,4.045999999999999,1.5130843077610021
3,0.6666666666666666,1.0,4.108,1.5145982753327936
4,0.6666666666666666,1.0,4.13,1.5151354896324616
5,0.6666666666666666,1.0,4.134,1.5152331649596738
6,0.6666666666666666,1.0,4.134,1.5152331649596738
7,0.6666666666666666,1.0,4.034,1.5127912817793652
8,0.6666666666666666,1.0,4.086,1.5140610610331258
9,0.6666666666666666,0.8,4.078,1.3710085675215582
index,gender_rate,school_diversity,cgpa_average,*diversity
0,0.25,1.0,4.049999999999999,0.9860641275249452
1,0.6666666666666666,1.0,4.058,1.4237588220978339
2,0.6666666666666666,1.0,4.124,1.4253650523241663
3,0.6666666666666666,1.0,4.136,1.4256570941834996
4,0.6666666666666666,1.0,4.138,1.4257057678267218
5,0.6666666666666666,1.0,4.148,1.4259491360428327
6,0.6666666666666666,1.0,4.178000000000001,1.4266792406911657
7,0.6666666666666666,1.0,4.0520000000000005,1.4236128011681675
8,0.6666666666666666,0.8,4.0840000000000005,1.2993915794597226
9,0.6666666666666666,0.8,4.122,1.3003163786809442
index,gender_rate,school_diversity,cgpa_average,*diversity
0,0.25,1.0,4.112,1.02879355041915
1,0.6666666666666666,0.8,4.078,1.332136453941949
2,0.6666666666666666,1.0,4.1160000000000005,1.4663904637301934
3,0.6666666666666666,1.0,4.118,1.466438920385715
4,0.6666666666666666,1.0,4.136,1.4668750302854097
5,0.6666666666666666,1.0,4.138,1.4669234869409313
6,0.6666666666666666,1.0,4.144,1.4670688569074963
7,0.6666666666666666,1.0,4.1579999999999995,1.4674080534961478
8,0.6666666666666666,1.0,4.172,1.4677472500847992
9,0.6666666666666666,1.0,4.102,1.466051267141542
index,gender_rate,school_diversity,cgpa_average,*diversity
0,0.6666666666666666,0.8,4.09,1.1806485956729735
1,0.6666666666666666,1.0,4.0600000000000005,1.313252179553619
2,0.6666666666666666,1.0,4.096,1.3141278788968445
3,0.6666666666666666,1.0,4.102,1.314273828787382
4,0.6666666666666666,1.0,4.127999999999999,1.314906278313045
5,0.6666666666666666,1.0,4.138,1.3151495281306076
6,0.6666666666666666,1.0,4.164,1.3157819776562705
7,0.6666666666666666,1.0,4.166,1.3158306276197829
8,0.6666666666666666,0.8,4.118,1.181329695162149
9,0.6666666666666666,0.8,4.048,1.1796269464392104
index,gender_rate,school_diversity,cgpa_average,*diversity
0,0.6666666666666666,1.0,4.106000000000001,1.314186824423946
1,0.6666666666666666,1.0,4.109999999999999,1.314283944804658
2,0.6666666666666666,1.0,4.126,1.3146724263275054
3,0.6666666666666666,1.0,4.14,1.315012347659997
4,0.6666666666666666,1.0,4.16,1.3154979495635566
5,0.6666666666666666,1.0,4.168,1.3156921903249803
6,0.6666666666666666,1.0,4.077999999999999,1.3135069817589626
7,0.6666666666666666,1.0,4.08,1.3135555419493188
8,0.6666666666666666,1.0,4.11,1.314283944804658
9,0.6666666666666666,1.0,4.108,1.314235384614302
index,gender_rate,school_diversity,cgpa_average,*diversity
0,0.6666666666666666,1.0,4.05,1.2719644400359302
1,0.6666666666666666,1.0,4.077999999999999,1.2726498409954916
2,0.6666666666666666,1.0,4.104,1.2732862847436557
3,0.6666666666666666,1.0,4.106,1.273335241955053
4,0.6666666666666666,1.0,4.116,1.273580028012039
5,0.6666666666666666,1.0,4.118,1.2736289852234364
6,0.6666666666666666,0.8,4.023999999999999,1.1463279962877662
7,0.6666666666666666,1.0,4.086,1.2728456698410806
8,0.6666666666666666,1.0,4.0600000000000005,1.2722092260929165
9,0.6666666666666666,1.0,4.11,1.2734331563778474
index,gender_rate,school_diversity,cgpa_average,*diversity
0,0.6666666666666666,1.0,4.022,1.2323144821249856
1,0.6666666666666666,1.0,4.024,1.2323637019901232
2,0.6666666666666666,1.0,4.038,1.2327082410460861
3,0.6666666666666666,1.0,4.076,1.2336434184837
4,0.6666666666666666,1.0,4.082000000000001,1.2337910780791126
5,0.6666666666666666,1.0,4.088,1.2339387376745254
6,0.6666666666666666,1.0,4.096,1.2341356171350757
7,0.6666666666666666,1.0,4.124,1.2348246952470017
8,0.6666666666666666,1.0,4.012,1.2320683827992978
9,0.6666666666666666,1.0,4.072,1.2335449787534247
index,gender_rate,school_diversity,cgpa_average,*diversity
0,0.6666666666666666,0.8,4.074,1.1387467250573284
1,0.6666666666666666,1.0,4.069999999999999,1.2719820143688958
2,0.6666666666666666,1.0,4.09,1.2724722344777248
3,0.6666666666666666,1.0,4.1,1.2727173445321391
4,0.6666666666666666,1.0,4.1259999999999994,1.2733546306736168
5,0.6666666666666666,1.0,4.138,1.273648762738914
6,0.6666666666666666,1.0,4.014,1.270609398064175
7,0.6666666666666666,1.0,4.048,1.2714427722491841
8,0.6666666666666666,1.0,4.078,1.2721781024124275
9,0.6666666666666666,0.8,4.06,1.1384035709811482
index,gender_rate,school_diversity,cgpa_average,*diversity
0,0.6666666666666666,1.0,4.054,1.480605036734932
1,0.6666666666666666,1.0,4.072,1.481046581159207
2,0.6666666666666666,1.0,4.077999999999999,1.4811937626339655
3,0.6666666666666666,1.0,4.087999999999999,1.481439065091896
4,0.6666666666666666,1.0,4.11,1.4819787304993435
5,0.6666666666666666,1.0,4.118,1.482174972465688
6,0.6666666666666666,1.0,4.05,1.4805069157517596
7,0.6666666666666666,1.0,4.026,1.4799181898527263
8,0.6666666666666666,1.0,4.066,1.4808993996844486
9,0.6666666666666666,1.0,4.104,1.481831549024585
index,gender_rate,school_diversity,cgpa_average,*diversity
0,0.6666666666666666,0.8,4.090000000000001,1.1390112879096965
1,0.6666666666666666,1.0,4.066,1.2717571059431523
2,0.6666666666666666,1.0,4.101999999999999,1.2726383788929687
3,0.6666666666666666,1.0,4.101999999999999,1.2726383788929687
4,0.6666666666666666,1.0,4.1240000000000006,1.2731769345845232
5,0.6666666666666666,1.0,4.1339999999999995,1.2734217326261388
6,0.6666666666666666,1.0,4.029999999999999,1.2708758329933358
7,0.6666666666666666,1.0,4.044,1.2712185502515978
8,0.6666666666666666,0.8,4.076,1.1386685706514346
9,0.6666666666666666,0.8,4.082,1.138815449476404
index,gender_rate,school_diversity,cgpa_average,*diversity
0,0.6666666666666666,1.0,4.016,1.3178020465024074
1,0.6666666666666666,1.0,4.056,1.3187777514492316
2,0.6666666666666666,1.0,4.114,1.3201925236221264
3,0.6666666666666666,1.0,4.114,1.3201925236221264
4,0.6666666666666666,1.0,4.1259999999999994,1.3204852351061735
5,0.6666666666666666,1.0,4.132,1.3206315908481971
6,0.6666666666666666,1.0,4.15,1.3210706580742682
7,0.6666666666666666,1.0,4.16,1.3213145843109741
8,0.6666666666666666,1.0,4.0600000000000005,1.318875321943914
9,0.6666666666666666,0.8,4.068,1.176213320076136
index,gender_rate,school_diversity,cgpa_average,*diversity
0,0.6666666666666666,1.0,4.0840000000000005,1.4620228523312222
1,0.6666666666666666,1.0,4.132,1.463184686092175
2,0.6666666666666666,1.0,4.138,1.4633299153122938
3,0.6666666666666666,1.0,4.162,1.4639108321927703
4,0.6666666666666666,1.0,4.164,1.46395924193281
5,0.6666666666666666,1.0,4.224,1.4654115341340008
6,0.6666666666666666,1.0,4.058,1.461393525710706
7,0.6666666666666666,1.0,4.112,1.4627005886917779
8,0.6666666666666666,1.0,4.092,1.4622164912913809
9,0.6666666666666666,1.0,4.148000000000001,1.4635719640124925
index,gender_rate,school_diversity,cgpa_average,*diversity
0,0.6666666666666666,1.0,4.072,1.449315685294355
1,0.25,1.0,4.064,0.97324266346631
2,0.6666666666666666,0.8,4.0440000000000005,1.3309832255112641
3,0.6666666666666666,1.0,4.081999999999999,1.449560471351341
4,0.6666666666666666,1.0,4.094,1.4498542146197246
5,0.6666666666666666,1.0,4.118,1.4504417011564914
6,0.6666666666666666,1.0,4.132,1.450784401636272
7,0.6666666666666666,1.0,4.134,1.4508333588476694
8,0.6666666666666666,0.8,4.036,1.3307873966656751
9,0.6666666666666666,1.0,4.076,1.4494135997171493
index,gender_rate,school_diversity,cgpa_average,*diversity
0,0.25,1.0,4.056,1.0288912929451874
1,0.25,1.0,4.021999999999999,1.028055337004983
2,0.6666666666666666,1.0,3.9979999999999998,1.4649652504589563
3,0.6666666666666666,1.0,4.081999999999999,1.4670305533700498
4,0.6666666666666666,1.0,4.090000000000001,1.4672272488853921
5,0.6666666666666666,1.0,4.096,1.4673747705218987
6,0.6666666666666666,1.0,4.12,1.4679648570679256
7,0.6666666666666666,1.0,4.138000000000001,1.4684074219774457
8,0.6666666666666666,1.0,4.029999999999999,1.4657520325203253
9,0.6666666666666666,1.0,4.04,1.465997901914503
index,gender_rate,school_diversity,cgpa_average,*diversity
0,0.25,0.8,4.07,1.008244959413459
1,0.6666666666666666,1.0,4.026,1.5766092781705507
2,0.6666666666666666,1.0,4.068,1.5776403072357512
3,0.6666666666666666,1.0,4.086,1.5780821768351228
4,0.6666666666666666,1.0,4.09,1.5781803700794275
5,0.6666666666666666,1.0,4.112,1.578720432923104
6,0.6666666666666666,1.0,4.13,1.5791623025224755
7,0.6666666666666666,1.0,4.031999999999999,1.576756568037008
8,0.6666666666666666,1.0,4.03,1.5767074714148557
9,0.6666666666666666,1.0,4.0920000000000005,1.57822946670158
index,gender_rate,school_diversity,cgpa_average,*diversity
0,0.25,1.0,4.095999999999999,1.305694079861963
1,0.25,1.0,4.012,1.3036333370132314
2,0.25,1.0,4.072,1.3051052961908969
3,0.25,1.0,4.112,1.3060866023093405
4,0.6666666666666666,1.0,4.066000000000001,1.9247497669397968
5,0.6666666666666666,0.6,4.06,1.5912692376886968
6,0.6666666666666666,0.8,4.122,1.7594569288389512
7,0.6666666666666666,1.0,4.0520000000000005,1.9244063097983415
8,0.6666666666666666,1.0,4.075999999999999,1.9249950934694078
9,0.6666666666666666,1.0,4.094,1.9254366812227075
index,gender_rate,school_diversity,cgpa_average,*diversity
0,0.6666666666666666,0.8,4.052,1.243612334801762
1,0.6666666666666666,0.8,4.095999999999999,1.244689182574645
2,0.6666666666666666,1.0,4.072,1.3691018110621633
3,0.6666666666666666,1.0,4.089999999999999,1.3695423396965245
4,0.6666666666666666,1.0,4.096,1.3696891825746451
5,0.6666666666666666,1.0,4.108,1.369982868330886
6,0.6666666666666666,1.0,4.116,1.3701786588350464
7,0.6666666666666666,1.0,4.15,1.3710107684777286
8,0.6666666666666666,1.0,4.002,1.3673886441507586
9,0.6666666666666666,0.8,4.078,1.2442486539402837
index,gender_rate,school_diversity,cgpa_average,*diversity
0,0.25,0.8,4.042,0.8744635562773759
1,0.6666666666666666,1.0,4.04,1.4105254523680628
2,0.6666666666666666,1.0,4.052,1.410820742490608
3,0.6666666666666666,1.0,4.0680000000000005,1.411214462654002
4,0.6666666666666666,1.0,4.0840000000000005,1.4116081828173959
5,0.6666666666666666,1.0,4.104,1.4121003330216382
6,0.6666666666666666,1.0,4.119999999999999,1.412494053185032
7,0.6666666666666666,1.0,4.034000000000001,1.41037780730679
8,0.6666666666666666,1.0,4.064,1.4111160326131535
9,0.6666666666666666,1.0,4.029999999999999,1.4102793772659417
