index,gender_rate,school_diversity,cgpa_average,*diversity
0,0.6666666666666666,0.8,4.068,1.1805377777777777
1,0.6666666666666666,1.0,4.068,1.313871111111111
2,0.6666666666666666,1.0,4.0600000000000005,1.314671111111111
3,0.6666666666666666,1.0,4.162,1.317751111111111
4,0.6666666666666666,1.0,4.174,1.3189511111111112
5,0.6666666666666666,1.0,4.178,1.3193511111111111
6,0.6666666666666666,1.0,4.192,1.3207511111111112
7,0.6666666666666666,1.0,3.9559999999999995,1.325071111111111
8,0.25,0.8,4.09,0.77556
9,0.6666666666666666,0.8,4.008,1.1865377777777777
index,gender_rate,school_diversity,cgpa_average,*diversity
0,0.6666666666666666,1.0,4.066,1.0989908496732026
1,0.6666666666666666,1.0,4.06,1.0995908496732025
2,0.6666666666666666,1.0,4.048,1.1007908496732026
3,0.6666666666666666,1.0,4.029999999999999,1.1025908496732026
4,0.6666666666666666,1.0,4.226000000000001,1.1045908496732026
5,0.6666666666666666,1.0,4.248,1.1067908496732024
6,0.6666666666666666,1.0,4.128,1.0947908496732024
7,0.6666666666666666,1.0,4.044,1.1011908496732026
8,0.6666666666666666,0.8,4.156000000000001,0.9799437908496731
9,0.6666666666666666,1.0,4.1739999999999995,1.0993908496732023
index,gender_rate,school_diversity,cgpa_average,*diversity
0,0.6666666666666666,1.0,4.058000000000001,1.185794688057041
1,0.6666666666666666,1.0,4.144,1.187154688057041
2,0.6666666666666666,1.0,4.018,1.189794688057041
3,0.6666666666666666,1.0,4.174,1.190154688057041
4,0.6666666666666666,1.0,4.178,1.190554688057041
5,0.6666666666666666,1.0,4.186000000000001,1.1913546880570411
6,0.6666666666666666,0.6,4.054,0.950900570409982
7,0.6666666666666666,0.8,4.058,1.0681476292335115
8,0.6666666666666666,1.0,4.016,1.189994688057041
9,0.6666666666666666,1.0,4.055999999999999,1.1859946880570411
index,gender_rate,school_diversity,cgpa_average,*diversity
0,0.6666666666666666,1.0,4.1739999999999995,1.1399333333333335
1,0.6666666666666666,1.0,4.034000000000001,1.1407333333333332
2,0.6666666666666666,1.0,4.026000000000001,1.141533333333333
3,0.6666666666666666,1.0,4.002000000000001,1.143933333333333
4,0.6666666666666666,1.0,4.0,1.1441333333333332
5,0.6666666666666666,1.0,4.218,1.1443333333333334
6,0.6666666666666666,1.0,4.218000000000001,1.1443333333333334
7,0.6666666666666666,1.0,4.252,1.1477333333333335
8,0.6666666666666666,1.0,4.11,1.1335333333333335
9,0.6666666666666666,0.8,4.046,1.0061999999999998
index,gender_rate,school_diversity,cgpa_average,*diversity
0,0.6666666666666666,1.0,4.05,1.2656260606060608
1,0.6666666666666666,1.0,4.151999999999999,1.2657860606060607
2,0.6666666666666666,1.0,4.046,1.2660260606060607
3,0.6666666666666666,1.0,4.156000000000001,1.2661860606060609
4,0.6666666666666666,1.0,4.159999999999999,1.2665860606060606
5,0.6666666666666666,1.0,4.04,1.2666260606060606
6,0.6666666666666666,1.0,4.188,1.2693860606060607
7,0.6666666666666666,1.0,4.0,1.2706260606060606
8,0.6666666666666666,0.6,4.076,0.996359393939394
9,0.6666666666666666,0.8,4.1339999999999995,1.1306527272727274
index,gender_rate,school_diversity,cgpa_average,*diversity
0,0.6666666666666666,1.0,4.162000000000001,1.0974266666666666
1,0.6666666666666666,1.0,4.034000000000001,1.0987066666666665
2,0.6666666666666666,1.0,4.176,1.0988266666666664
3,0.6666666666666666,1.0,4.183999999999999,1.0996266666666663
4,0.6666666666666666,1.0,4.188,1.1000266666666665
5,0.6666666666666666,1.0,4.016,1.1005066666666667
6,0.6666666666666666,1.0,4.01,1.1011066666666667
7,0.6666666666666666,1.0,3.9879999999999995,1.1033066666666667
8,0.6666666666666666,1.0,4.188000000000001,1.1000266666666665
9,0.6666666666666666,0.8,4.098,0.9673066666666666
index,gender_rate,school_diversity,cgpa_average,*diversity
0,0.25,1.0,3.998,0.9837257142857145
1,0.6666666666666666,0.8,4.026,1.2755685714285716
2,0.6666666666666666,0.8,4.12,1.2766885714285712
3,0.6666666666666666,0.8,4.144,1.2790885714285711
4,0.6666666666666666,1.0,4.104,1.417945714285714
5,0.6666666666666666,1.0,4.0,1.4210257142857143
6,0.6666666666666666,1.0,4.15,1.4225457142857139
7,0.6666666666666666,1.0,4.151999999999999,1.4227457142857138
8,0.6666666666666666,1.0,3.974,1.4236257142857145
9,0.6666666666666666,0.8,4.006,1.2775685714285716
index,gender_rate,school_diversity,cgpa_average,*diversity
0,0.6666666666666666,1.0,4.148000000000001,1.1361355555555555
1,0.6666666666666666,1.0,4.154000000000001,1.1367355555555556
2,0.6666666666666666,1.0,4.168,1.1381355555555555
3,0.6666666666666666,1.0,4.174,1.1387355555555554
4,0.6666666666666666,1.0,3.996,1.1401755555555557
5,0.6666666666666666,1.0,3.9900000000000007,1.1407755555555557
6,0.6666666666666666,1.0,4.151999999999999,1.1365355555555554
7,0.6666666666666666,1.0,4.042,1.1355755555555556
8,0.6666666666666666,1.0,4.045999999999999,1.1351755555555556
9,0.6666666666666666,1.0,4.0520000000000005,1.1345755555555557
index,gender_rate,school_diversity,cgpa_average,*diversity
0,0.6666666666666666,1.0,4.101999999999999,1.2765663247863246
1,0.6666666666666666,1.0,4.112,1.2775663247863247
2,0.6666666666666666,1.0,4.040000000000001,1.2792063247863248
3,0.6666666666666666,1.0,4.158,1.2821663247863246
4,0.6666666666666666,1.0,4.176,1.2839663247863247
5,0.6666666666666666,1.0,3.95,1.2882063247863247
6,0.6666666666666666,0.8,4.118,1.124320170940171
7,0.6666666666666666,0.8,4.128,1.1253201709401708
8,0.6666666666666666,1.0,4.040000000000001,1.2792063247863248
9,0.6666666666666666,1.0,4.018,1.2814063247863248
index,gender_rate,school_diversity,cgpa_average,*diversity
0,0.25,1.0,4.006,1.006012030075188
1,0.25,1.0,4.191999999999999,1.012212030075188
2,0.6666666666666666,0.8,4.108,1.3368320802005011
3,0.6666666666666666,0.8,3.9899999999999998,1.3406320802005012
4,0.6666666666666666,1.0,4.118,1.480689223057644
5,0.6666666666666666,1.0,3.9900000000000007,1.4834892230576437
6,0.6666666666666666,1.0,3.9659999999999997,1.485889223057644
7,0.6666666666666666,1.0,4.174,1.486289223057644
8,0.6666666666666666,1.0,3.9559999999999995,1.486889223057644
9,0.6666666666666666,1.0,4.180000000000001,1.486889223057644
index,gender_rate,school_diversity,cgpa_average,*diversity
0,0.6666666666666666,1.0,4.142,1.1392133333333332
1,0.6666666666666666,1.0,4.024,1.1392533333333335
2,0.6666666666666666,1.0,4.02,1.1396533333333334
3,0.6666666666666666,1.0,4.008,1.1408533333333335
4,0.6666666666666666,1.0,4.166,1.1416133333333331
5,0.6666666666666666,1.0,3.9979999999999998,1.1418533333333334
6,0.6666666666666666,1.0,4.192,1.144213333333333
7,0.6666666666666666,1.0,4.214,1.1464133333333333
8,0.6666666666666666,1.0,4.05,1.1366533333333335
9,0.6666666666666666,1.0,4.018,1.1398533333333334
index,gender_rate,school_diversity,cgpa_average,*diversity
0,0.25,1.0,4.1419999999999995,0.9825857142857142
1,0.25,0.8,4.188,0.8443285714285714
2,0.6666666666666666,1.0,4.052,1.4174857142857142
3,0.6666666666666666,1.0,4.004,1.4222857142857142
4,0.6666666666666666,1.0,4.002,1.4224857142857141
5,0.6666666666666666,1.0,4.178,1.423685714285714
6,0.6666666666666666,1.0,3.9840000000000004,1.4242857142857142
7,0.6666666666666666,1.0,3.972,1.4254857142857142
8,0.6666666666666666,0.8,4.138,1.2768285714285712
9,0.6666666666666666,0.8,4.180000000000001,1.2810285714285714
index,gender_rate,school_diversity,cgpa_average,*diversity
0,0.6666666666666666,0.8,4.140000000000001,1.1260346583850933
1,0.6666666666666666,1.0,4.14,1.268891801242236
2,0.6666666666666666,1.0,4.142,1.269091801242236
3,0.6666666666666666,1.0,3.9939999999999998,1.269931801242236
4,0.6666666666666666,1.0,4.1659999999999995,1.271491801242236
5,0.6666666666666666,1.0,3.978,1.271531801242236
6,0.6666666666666666,1.0,4.1899999999999995,1.273891801242236
7,0.6666666666666666,1.0,3.9799999999999995,1.271331801242236
8,0.6666666666666666,0.8,3.9899999999999998,1.1274746583850932
9,0.6666666666666666,0.8,4.002000000000001,1.126274658385093
index,gender_rate,school_diversity,cgpa_average,*diversity
0,0.6666666666666666,1.0,4.005999999999999,1.33216
1,0.6666666666666666,0.8,4.134,1.20564
2,0.6666666666666666,1.0,4.134,1.33064
3,0.6666666666666666,1.0,4.0200000000000005,1.33076
4,0.6666666666666666,1.0,4.016,1.33116
5,0.6666666666666666,1.0,4.008,1.33196
6,0.6666666666666666,1.0,4.164,1.33364
7,0.6666666666666666,0.8,4.096,1.20184
8,0.6666666666666666,1.0,4.090000000000001,1.32624
9,0.6666666666666666,1.0,4.108,1.3280399999999999
index,gender_rate,school_diversity,cgpa_average,*diversity
0,0.6666666666666666,1.0,4.16,1.2217527536231885
1,0.6666666666666666,1.0,4.164,1.2221527536231884
2,0.6666666666666666,1.0,4.006,1.2226327536231885
3,0.6666666666666666,1.0,4.002,1.2230327536231884
4,0.6666666666666666,1.0,4.178,1.2235527536231883
5,0.6666666666666666,1.0,3.996,1.2236327536231886
6,0.6666666666666666,1.0,4.188000000000001,1.2245527536231884
7,0.6666666666666666,1.0,3.9479999999999995,1.2284327536231885
8,0.6666666666666666,1.0,4.046,1.2186327536231885
9,0.6666666666666666,1.0,4.186,1.2243527536231884
index,gender_rate,school_diversity,cgpa_average,*diversity
0,0.25,1.0,4.036,0.89446
1,0.6666666666666666,0.6,4.148000000000001,1.07924
2,0.6666666666666666,1.0,4.081999999999999,1.32736
3,0.6666666666666666,1.0,4.06,1.32956
4,0.6666666666666666,1.0,4.174,1.33184
5,0.6666666666666666,1.0,4.183999999999999,1.3328399999999998
6,0.6666666666666666,1.0,4.183999999999999,1.3328399999999998
7,0.6666666666666666,1.0,4.026,1.3329600000000001
8,0.6666666666666666,1.0,3.9879999999999995,1.3367600000000002
9,0.6666666666666666,0.8,4.174,1.20684
index,gender_rate,school_diversity,cgpa_average,*diversity
0,0.6666666666666666,1.0,4.008,1.3128251082251081
1,0.6666666666666666,1.0,4.112,1.3140251082251084
2,0.6666666666666666,1.0,3.982,1.315425108225108
3,0.6666666666666666,1.0,4.1259999999999994,1.3154251082251083
4,0.6666666666666666,1.0,3.9799999999999995,1.315625108225108
5,0.6666666666666666,1.0,4.127999999999999,1.3156251082251083
6,0.6666666666666666,1.0,3.974,1.316225108225108
7,0.6666666666666666,1.0,4.145999999999999,1.3174251082251083
8,0.6666666666666666,1.0,4.06,1.3088251082251083
9,0.6666666666666666,1.0,4.024,1.311225108225108
index,gender_rate,school_diversity,cgpa_average,*diversity
0,0.25,1.0,4.048,1.010692549019608
1,0.6666666666666666,1.0,4.1579999999999995,1.5792290196078431
2,0.25,1.0,4.036,1.011892549019608
3,0.25,1.0,4.186,1.0158525490196078
4,0.6666666666666666,0.8,4.0520000000000005,1.4431356862745102
5,0.6666666666666666,1.0,4.0520000000000005,1.5764690196078435
6,0.6666666666666666,1.0,4.026,1.5790690196078434
7,0.6666666666666666,1.0,4.1659999999999995,1.580029019607843
8,0.6666666666666666,1.0,4.014,1.5802690196078435
9,0.6666666666666666,1.0,4.174,1.5808290196078432
index,gender_rate,school_diversity,cgpa_average,*diversity
0,0.6666666666666666,1.0,4.144,1.2670318012422361
1,0.6666666666666666,1.0,4.152,1.267831801242236
2,0.6666666666666666,1.0,4.154,1.268031801242236
3,0.6666666666666666,1.0,4.16,1.2686318012422362
4,0.6666666666666666,1.0,4.016,1.2699918012422362
5,0.6666666666666666,1.0,4.176,1.270231801242236
6,0.6666666666666666,1.0,4.004,1.271191801242236
7,0.6666666666666666,1.0,3.9560000000000004,1.275991801242236
8,0.6666666666666666,0.6,4.112,0.9781175155279502
9,0.6666666666666666,1.0,4.074,1.2641918012422362
index,gender_rate,school_diversity,cgpa_average,*diversity
0,0.6666666666666666,1.0,4.055999999999999,1.1766422222222221
1,0.6666666666666666,1.0,4.178,1.180002222222222
2,0.6666666666666666,1.0,4.022,1.180042222222222
3,0.6666666666666666,1.0,4.016,1.1806422222222221
4,0.6666666666666666,1.0,4.192,1.181402222222222
5,0.6666666666666666,1.0,4.008,1.181442222222222
6,0.6666666666666666,1.0,4.1979999999999995,1.182002222222222
7,0.6666666666666666,1.0,4.222,1.1844022222222221
8,0.6666666666666666,0.8,4.0920000000000005,1.0397088888888888
9,0.6666666666666666,1.0,4.018,1.1804422222222222
index,gender_rate,school_diversity,cgpa_average,*diversity
0,0.25,1.0,4.17,1.0378707692307692
1,0.6666666666666666,0.8,3.978,1.3284446153846154
2,0.6666666666666666,1.0,4.037999999999999,1.4762907692307692
3,0.6666666666666666,1.0,4.188000000000001,1.4771707692307692
4,0.6666666666666666,1.0,4.1899999999999995,1.4773707692307692
5,0.6666666666666666,1.0,4.1899999999999995,1.4773707692307692
6,0.6666666666666666,1.0,4.02,1.4780907692307692
7,0.6666666666666666,1.0,4.216,1.479970769230769
8,0.6666666666666666,0.8,4.074,1.3188446153846154
9,0.6666666666666666,1.0,4.022,1.477890769230769
index,gender_rate,school_diversity,cgpa_average,*diversity
0,0.6666666666666666,1.0,4.018000000000001,1.319951111111111
1,0.6666666666666666,1.0,4.154,1.3158711111111112
2,0.6666666666666666,1.0,4.164,1.316871111111111
3,0.6666666666666666,1.0,4.203999999999999,1.320871111111111
4,0.6666666666666666,1.0,4.002,1.3215511111111111
5,0.6666666666666666,1.0,3.9979999999999998,1.321951111111111
6,0.6666666666666666,1.0,4.2299999999999995,1.323471111111111
7,0.6666666666666666,0.6,4.128,1.0466044444444442
8,0.6666666666666666,1.0,4.140000000000001,1.3144711111111111
9,0.6666666666666666,0.8,4.026000000000001,1.1858177777777776
index,gender_rate,school_diversity,cgpa_average,*diversity
0,0.6666666666666666,1.0,4.136,1.2644860606060608
1,0.6666666666666666,1.0,4.15,1.2658860606060607
2,0.6666666666666666,1.0,4.0200000000000005,1.2683260606060607
3,0.6666666666666666,1.0,4.180000000000001,1.2688860606060608
4,0.6666666666666666,1.0,4.186,1.2694860606060607
5,0.6666666666666666,1.0,3.9819999999999993,1.2721260606060607
6,0.6666666666666666,1.0,4.066000000000001,1.2637260606060607
7,0.6666666666666666,1.0,4.132000000000001,1.2640860606060609
8,0.6666666666666666,1.0,4.138,1.2646860606060608
9,0.6666666666666666,1.0,3.982,1.2721260606060607
index,gender_rate,school_diversity,cgpa_average,*diversity
0,0.6666666666666666,1.0,4.034,1.283086324786325
1,0.6666666666666666,1.0,4.204,1.2834863247863246
2,0.6666666666666666,1.0,4.222,1.2852863247863247
3,0.6666666666666666,1.0,4.01,1.2854863247863249
4,0.6666666666666666,1.0,4.226,1.2856863247863246
5,0.6666666666666666,1.0,4.2540000000000004,1.2884863247863247
6,0.6666666666666666,1.0,4.031999999999999,1.2832863247863249
7,0.6666666666666666,1.0,4.061999999999999,1.2802863247863248
8,0.6666666666666666,1.0,4.074,1.279086324786325
9,0.6666666666666666,1.0,4.0520000000000005,1.2812863247863246
index,gender_rate,school_diversity,cgpa_average,*diversity
0,0.6666666666666666,0.8,4.1659999999999995,1.085759420289855
1,0.6666666666666666,0.8,4.052,1.0879594202898553
2,0.6666666666666666,1.0,4.072,1.2192927536231883
3,0.6666666666666666,1.0,4.2,1.2224927536231884
4,0.6666666666666666,1.0,4.04,1.2224927536231884
5,0.6666666666666666,1.0,4.2,1.2224927536231884
6,0.6666666666666666,1.0,4.038,1.2226927536231884
7,0.6666666666666666,1.0,4.202,1.2226927536231884
8,0.6666666666666666,1.0,4.1339999999999995,1.2158927536231883
9,0.6666666666666666,0.8,4.096,1.083559420289855
index,gender_rate,school_diversity,cgpa_average,*diversity
0,0.6666666666666666,1.0,4.132,1.3150851082251083
1,0.6666666666666666,1.0,4.136,1.3154851082251082
2,0.6666666666666666,1.0,3.9839999999999995,1.316165108225108
3,0.6666666666666666,1.0,3.978,1.316765108225108
4,0.6666666666666666,1.0,4.182,1.3200851082251084
5,0.6666666666666666,1.0,3.932,1.321365108225108
6,0.6666666666666666,1.0,4.1080000000000005,1.3126851082251083
7,0.6666666666666666,1.0,4.024,1.312165108225108
8,0.6666666666666666,1.0,4.144,1.3162851082251084
9,0.6666666666666666,1.0,4.014,1.3131651082251081
index,gender_rate,school_diversity,cgpa_average,*diversity
0,0.6666666666666666,1.0,3.996,1.180322222222222
1,0.6666666666666666,1.0,4.162000000000001,1.180722222222222
2,0.6666666666666666,1.0,4.162,1.180722222222222
3,0.6666666666666666,1.0,3.978,1.182122222222222
4,0.6666666666666666,1.0,4.186,1.183122222222222
5,0.6666666666666666,1.0,3.964,1.1835222222222221
6,0.6666666666666666,0.8,4.082,1.0393888888888887
7,0.6666666666666666,1.0,3.9899999999999993,1.1809222222222222
8,0.6666666666666666,1.0,4.12,1.176522222222222
9,0.6666666666666666,1.0,4.13,1.177522222222222
index,gender_rate,school_diversity,cgpa_average,*diversity
0,0.6666666666666666,1.0,4.086,1.4163152136752137
1,0.6666666666666666,0.8,3.976,1.2681890598290597
2,0.6666666666666666,1.0,3.9899999999999993,1.4206352136752134
3,0.6666666666666666,1.0,4.130000000000001,1.4207152136752137
4,0.6666666666666666,1.0,4.140000000000001,1.4217152136752138
5,0.6666666666666666,1.0,3.97,1.4226352136752134
6,0.6666666666666666,1.0,4.151999999999999,1.4229152136752137
7,0.6666666666666666,0.8,4.052,1.2605890598290597
8,0.6666666666666666,0.6,4.002,1.1117429059829058
9,0.6666666666666666,1.0,4.098000000000001,1.4175152136752138
index,gender_rate,school_diversity,cgpa_average,*diversity
0,0.6666666666666666,1.0,4.1240000000000006,1.2668518012422363
1,0.6666666666666666,1.0,4.026,1.267171801242236
2,0.6666666666666666,1.0,4.13,1.2674518012422362
3,0.6666666666666666,1.0,4.018,1.2679718012422359
4,0.6666666666666666,1.0,4.145999999999999,1.2690518012422363
5,0.6666666666666666,1.0,4.154000000000001,1.2698518012422364
6,0.6666666666666666,1.0,4.058,1.2639718012422358
7,0.6666666666666666,0.8,4.048,1.1221146583850932
8,0.6666666666666666,1.0,4.036,1.266171801242236
9,0.6666666666666666,1.0,4.026,1.267171801242236
index,gender_rate,school_diversity,cgpa_average,*diversity
0,0.6666666666666666,1.0,4.144,1.1865523809523808
1,0.6666666666666666,1.0,4.162,1.1883523809523808
2,0.6666666666666666,1.0,4.162,1.1883523809523808
3,0.6666666666666666,1.0,4.008,1.188952380952381
4,0.6666666666666666,1.0,4.168,1.188952380952381
5,0.6666666666666666,1.0,4.1739999999999995,1.189552380952381
6,0.6666666666666666,1.0,3.9840000000000004,1.191352380952381
7,0.6666666666666666,1.0,3.972,1.192552380952381
8,0.6666666666666666,1.0,3.9959999999999996,1.190152380952381
9,0.6666666666666666,0.8,4.109999999999999,1.040295238095238
index,gender_rate,school_diversity,cgpa_average,*diversity
0,0.25,1.0,4.014,0.9578329824561402
1,0.6666666666666666,1.0,4.16,1.4370301754385966
2,0.25,1.0,4.008,0.9584329824561403
3,0.6666666666666666,1.0,4.054,1.4297101754385964
4,0.6666666666666666,1.0,4.1259999999999994,1.4336301754385965
5,0.6666666666666666,1.0,4.142,1.4352301754385965
6,0.6666666666666666,1.0,3.996,1.4355101754385964
7,0.6666666666666666,1.0,4.164,1.4374301754385965
8,0.6666666666666666,1.0,3.976,1.4375101754385964
9,0.6666666666666666,1.0,4.064,1.4287101754385965
index,gender_rate,school_diversity,cgpa_average,*diversity
0,0.6666666666666666,1.0,4.13,1.0972466666666665
1,0.6666666666666666,1.0,4.135999999999999,1.0978466666666664
2,0.6666666666666666,1.0,4.0120000000000005,1.0978866666666667
3,0.6666666666666666,1.0,4.14,1.0982466666666664
4,0.6666666666666666,1.0,4.004,1.0986866666666668
5,0.6666666666666666,1.0,4.004,1.0986866666666668
6,0.6666666666666666,1.0,4.154000000000001,1.0996466666666664
7,0.6666666666666666,1.0,3.982,1.1008866666666666
8,0.6666666666666666,1.0,4.11,1.0952466666666665
9,0.6666666666666666,1.0,4.07,1.0920866666666667
index,gender_rate,school_diversity,cgpa_average,*diversity
0,0.25,1.0,4.136000000000001,0.9825177777777779
1,0.25,1.0,4.172,0.9861177777777778
2,0.6666666666666666,1.0,4.182,1.5056362962962961
3,0.6666666666666666,0.8,4.132000000000001,1.367302962962963
4,0.6666666666666666,1.0,4.040000000000001,1.501156296296296
5,0.6666666666666666,1.0,4.0360000000000005,1.5015562962962963
6,0.6666666666666666,1.0,4.032,1.5019562962962962
7,0.6666666666666666,1.0,4.02,1.5031562962962963
8,0.6666666666666666,1.0,4.004,1.5047562962962964
9,0.6666666666666666,1.0,4.132,1.5006362962962962
index,gender_rate,school_diversity,cgpa_average,*diversity
0,0.6666666666666666,1.0,4.153999999999999,1.2216127536231884
1,0.6666666666666666,1.0,4.156000000000001,1.2218127536231884
2,0.6666666666666666,1.0,3.992,1.2235727536231884
3,0.6666666666666666,1.0,4.178,1.2240127536231884
4,0.6666666666666666,1.0,3.9839999999999995,1.2243727536231885
5,0.6666666666666666,1.0,4.182,1.2244127536231886
6,0.6666666666666666,1.0,4.016,1.2211727536231884
7,0.6666666666666666,0.8,4.016,1.0878394202898551
8,0.6666666666666666,1.0,3.996,1.2231727536231884
9,0.6666666666666666,0.8,4.154000000000001,1.0882794202898551
index,gender_rate,school_diversity,cgpa_average,*diversity
0,0.25,1.0,4.142,1.018057435897436
1,0.6666666666666666,0.8,4.026,1.2642690598290598
2,0.6666666666666666,0.8,4.146,1.2673890598290598
3,0.6666666666666666,1.0,4.116,1.4182352136752134
4,0.6666666666666666,1.0,3.9859999999999998,1.4221152136752135
5,0.6666666666666666,1.0,3.9859999999999998,1.4221152136752135
6,0.6666666666666666,1.0,4.1579999999999995,1.4224352136752134
7,0.6666666666666666,1.0,3.9799999999999995,1.4227152136752137
8,0.6666666666666666,1.0,4.177999999999999,1.4244352136752134
9,0.6666666666666666,1.0,3.9859999999999998,1.4221152136752135
index,gender_rate,school_diversity,cgpa_average,*diversity
0,0.6666666666666666,0.8,3.996,1.1278546583850935
1,0.6666666666666666,1.0,4.122000000000001,1.266111801242236
2,0.6666666666666666,1.0,4.1240000000000006,1.266311801242236
3,0.6666666666666666,1.0,4.0200000000000005,1.268311801242236
4,0.6666666666666666,1.0,4.008,1.2695118012422362
5,0.6666666666666666,1.0,4.172,1.271111801242236
6,0.6666666666666666,1.0,4.176,1.271511801242236
7,0.6666666666666666,1.0,4.176,1.271511801242236
8,0.6666666666666666,0.6,4.006,0.9839975155279503
9,0.6666666666666666,0.8,4.02,1.1254546583850935
index,gender_rate,school_diversity,cgpa_average,*diversity
0,0.6666666666666666,1.0,4.037999999999999,1.2398974358974357
1,0.6666666666666666,1.0,4.016,1.2420974358974357
2,0.6666666666666666,1.0,4.144,1.2424974358974357
3,0.6666666666666666,1.0,4.154000000000001,1.2434974358974358
4,0.6666666666666666,1.0,4.1659999999999995,1.2446974358974356
5,0.6666666666666666,1.0,3.974,1.2462974358974357
6,0.6666666666666666,1.0,3.936,1.2500974358974357
7,0.6666666666666666,1.0,4.254,1.2534974358974356
8,0.6666666666666666,1.0,4.076,1.2360974358974357
9,0.6666666666666666,0.6,4.022,0.9338051282051282
index,gender_rate,school_diversity,cgpa_average,*diversity
0,0.6666666666666666,1.0,4.026,1.4168352136752136
1,0.6666666666666666,1.0,4.018,1.4176352136752137
2,0.6666666666666666,1.0,4.0,1.4194352136752135
3,0.6666666666666666,1.0,4.12,1.4199152136752136
4,0.6666666666666666,1.0,3.9899999999999998,1.4204352136752136
5,0.6666666666666666,1.0,4.1259999999999994,1.4205152136752135
6,0.6666666666666666,1.0,4.146,1.4225152136752135
7,0.6666666666666666,1.0,4.151999999999999,1.4231152136752134
8,0.6666666666666666,1.0,3.9899999999999998,1.4204352136752136
9,0.6666666666666666,1.0,4.008,1.4186352136752136
index,gender_rate,school_diversity,cgpa_average,*diversity
0,0.6666666666666666,1.0,4.037999999999999,1.481029223057644
1,0.25,1.0,4.1499999999999995,1.005672030075188
2,0.25,1.0,4.152,1.005872030075188
3,0.6666666666666666,0.8,4.076,1.3343720802005012
4,0.6666666666666666,0.8,4.13,1.3366920802005011
5,0.6666666666666666,1.0,4.034000000000001,1.4814292230576438
6,0.6666666666666666,1.0,4.034000000000001,1.4814292230576438
7,0.6666666666666666,1.0,4.022,1.4826292230576439
8,0.6666666666666666,1.0,4.2379999999999995,1.4903492230576438
9,0.6666666666666666,0.6,4.04,1.1951149373433583
index,gender_rate,school_diversity,cgpa_average,*diversity
0,0.6666666666666666,1.0,4.01,1.4351501754385965
1,0.25,1.0,4.008,0.9594729824561403
2,0.25,1.0,4.134,0.9575129824561404
3,0.6666666666666666,1.0,4.037999999999999,1.4323501754385966
4,0.6666666666666666,1.0,4.018,1.4343501754385966
5,0.6666666666666666,1.0,4.005999999999999,1.4355501754385966
6,0.6666666666666666,1.0,4.18,1.4379901754385964
7,0.6666666666666666,1.0,4.186,1.4385901754385966
8,0.6666666666666666,1.0,4.196,1.4395901754385965
9,0.6666666666666666,1.0,4.032,1.4329501754385965
index,gender_rate,school_diversity,cgpa_average,*diversity
0,0.6666666666666666,0.8,3.9779999999999993,1.2096600000000002
1,0.6666666666666666,0.8,4.112,1.2037399999999998
2,0.6666666666666666,0.8,4.008,1.20666
3,0.6666666666666666,1.0,4.154,1.3329399999999998
4,0.6666666666666666,1.0,4.16,1.33354
5,0.6666666666666666,1.0,4.17,1.3345399999999998
6,0.6666666666666666,1.0,3.9659999999999997,1.33586
7,0.6666666666666666,1.0,3.964,1.33606
8,0.6666666666666666,1.0,4.1899999999999995,1.3365399999999998
9,0.25,0.8,4.0440000000000005,0.76556
index,gender_rate,school_diversity,cgpa_average,*diversity
0,0.6666666666666666,1.0,4.108,1.265591801242236
1,0.6666666666666666,1.0,4.02,1.2674318012422363
2,0.6666666666666666,1.0,4.008,1.2686318012422362
3,0.6666666666666666,1.0,4.0,1.269431801242236
4,0.6666666666666666,1.0,4.164000000000001,1.271191801242236
5,0.6666666666666666,1.0,4.1659999999999995,1.271391801242236
6,0.6666666666666666,0.6,4.022,0.9815175155279503
7,0.6666666666666666,0.8,4.005999999999999,1.1259746583850934
8,0.6666666666666666,1.0,4.114,1.266191801242236
9,0.6666666666666666,1.0,4.1240000000000006,1.267191801242236
index,gender_rate,school_diversity,cgpa_average,*diversity
0,0.6666666666666666,1.0,4.0200000000000005,1.2422774358974358
1,0.6666666666666666,1.0,4.018,1.242477435897436
2,0.6666666666666666,1.0,4.151999999999999,1.2427174358974356
3,0.6666666666666666,1.0,4.164,1.2439174358974354
4,0.6666666666666666,1.0,4.164000000000001,1.2439174358974356
5,0.6666666666666666,1.0,4.167999999999999,1.2443174358974354
6,0.6666666666666666,1.0,3.9739999999999993,1.246877435897436
7,0.6666666666666666,1.0,4.056,1.238677435897436
8,0.6666666666666666,0.8,4.064,1.084031282051282
9,0.6666666666666666,1.0,4.058,1.238477435897436
index,gender_rate,school_diversity,cgpa_average,*diversity
0,0.6666666666666666,1.0,4.151999999999999,1.2405974358974354
1,0.6666666666666666,1.0,4.174000000000001,1.2427974358974356
2,0.6666666666666666,1.0,4.036,1.2427974358974359
3,0.6666666666666666,1.0,4.03,1.2433974358974358
4,0.6666666666666666,1.0,4.012,1.2451974358974358
5,0.6666666666666666,1.0,4.008000000000001,1.2455974358974358
6,0.6666666666666666,1.0,4.2780000000000005,1.2531974358974356
7,0.6666666666666666,1.0,4.294,1.2547974358974356
8,0.6666666666666666,1.0,4.0120000000000005,1.2451974358974358
9,0.6666666666666666,1.0,4.054,1.2409974358974358
index,gender_rate,school_diversity,cgpa_average,*diversity
0,0.6666666666666666,1.0,4.1579999999999995,1.1394933333333332
1,0.6666666666666666,1.0,4.17,1.1406933333333331
2,0.6666666666666666,1.0,4.1899999999999995,1.1426933333333331
3,0.6666666666666666,1.0,4.204000000000001,1.1440933333333332
4,0.6666666666666666,1.0,3.9859999999999998,1.1443733333333335
5,0.6666666666666666,1.0,3.972,1.1457733333333333
6,0.6666666666666666,1.0,4.042,1.1387733333333334
7,0.6666666666666666,0.8,4.008,1.0088400000000002
8,0.6666666666666666,1.0,4.042,1.1387733333333334
9,0.6666666666666666,1.0,4.192,1.1428933333333333
index,gender_rate,school_diversity,cgpa_average,*diversity
0,0.6666666666666666,1.0,4.186,1.2439574358974357
1,0.6666666666666666,1.0,4.192,1.2445574358974358
2,0.6666666666666666,1.0,4.194,1.2447574358974358
3,0.6666666666666666,1.0,4.012,1.2452374358974356
4,0.6666666666666666,1.0,4.224,1.2477574358974357
5,0.6666666666666666,1.0,3.964,1.2500374358974358
6,0.6666666666666666,0.8,4.05,1.0875912820512819
7,0.6666666666666666,0.8,4.188000000000001,1.0903112820512821
8,0.6666666666666666,1.0,4.05,1.2414374358974356
9,0.6666666666666666,1.0,3.9939999999999998,1.2470374358974357
index,gender_rate,school_diversity,cgpa_average,*diversity
0,0.6666666666666666,1.0,4.148000000000001,1.178602222222222
1,0.6666666666666666,1.0,4.0200000000000005,1.178642222222222
2,0.6666666666666666,1.0,4.15,1.178802222222222
3,0.6666666666666666,1.0,4.16,1.1798022222222222
4,0.6666666666666666,1.0,4.006,1.180042222222222
5,0.6666666666666666,1.0,4.172,1.181002222222222
6,0.6666666666666666,1.0,4.13,1.176802222222222
7,0.6666666666666666,1.0,4.038,1.176842222222222
8,0.6666666666666666,1.0,4.023999999999999,1.178242222222222
9,0.6666666666666666,1.0,3.9940000000000007,1.1812422222222219
index,gender_rate,school_diversity,cgpa_average,*diversity
0,0.6666666666666666,0.8,4.183999999999999,1.1852977777777778
1,0.6666666666666666,1.0,4.038000000000001,1.3181911111111109
2,0.6666666666666666,1.0,4.037999999999999,1.318191111111111
3,0.6666666666666666,1.0,4.0280000000000005,1.319191111111111
4,0.6666666666666666,1.0,4.196,1.3198311111111112
5,0.6666666666666666,1.0,4.2,1.3202311111111111
6,0.6666666666666666,1.0,4.016,1.320391111111111
7,0.6666666666666666,1.0,4.208,1.3210311111111113
8,0.6666666666666666,0.8,4.053999999999999,1.1832577777777777
9,0.25,0.8,4.126,0.7767200000000002
index,gender_rate,school_diversity,cgpa_average,*diversity
0,0.6666666666666666,1.0,4.1659999999999995,1.1799622222222221
1,0.6666666666666666,1.0,4.168000000000001,1.1801622222222221
2,0.6666666666666666,1.0,4.182,1.1815622222222222
3,0.6666666666666666,1.0,3.9839999999999995,1.182682222222222
4,0.6666666666666666,1.0,4.194,1.182762222222222
5,0.6666666666666666,1.0,3.9659999999999997,1.184482222222222
6,0.6666666666666666,1.0,4.164,1.1797622222222222
7,0.6666666666666666,1.0,4.01,1.180082222222222
8,0.6666666666666666,1.0,4.032,1.177882222222222
9,0.6666666666666666,1.0,4.0200000000000005,1.179082222222222
index,gender_rate,school_diversity,cgpa_average,*diversity
0,0.6666666666666666,1.0,4.188000000000001,1.422165714285714
1,0.25,1.0,4.054,0.9823057142857143
2,0.6666666666666666,0.8,4.0520000000000005,1.2771485714285715
3,0.6666666666666666,1.0,4.167999999999999,1.420165714285714
4,0.6666666666666666,1.0,4.17,1.420365714285714
5,0.6666666666666666,1.0,4.034000000000001,1.4218057142857141
6,0.6666666666666666,1.0,4.19,1.422365714285714
7,0.6666666666666666,1.0,4.016,1.4236057142857144
8,0.6666666666666666,0.8,4.138,1.2743085714285711
9,0.6666666666666666,1.0,4.081999999999999,1.4170057142857144
index,gender_rate,school_diversity,cgpa_average,*diversity
0,0.6666666666666666,1.0,4.118,1.3629501587301587
1,0.6666666666666666,1.0,4.01,1.365310158730159
2,0.6666666666666666,1.0,4.17,1.3681501587301585
3,0.6666666666666666,1.0,3.974,1.3689101587301589
4,0.6666666666666666,1.0,3.972,1.369110158730159
5,0.6666666666666666,1.0,4.21,1.3721501587301586
6,0.6666666666666666,0.8,4.0600000000000005,1.2174530158730161
7,0.6666666666666666,0.8,4.148000000000001,1.2230930158730158
8,0.6666666666666666,0.8,4.066,1.2168530158730162
9,0.6666666666666666,1.0,4.029999999999999,1.363310158730159
index,gender_rate,school_diversity,cgpa_average,*diversity
0,0.6666666666666666,0.8,4.072,1.2213530158730161
1,0.6666666666666666,1.0,4.112,1.360210158730159
2,0.6666666666666666,1.0,4.0920000000000005,1.362210158730159
3,0.6666666666666666,1.0,4.088,1.362610158730159
4,0.6666666666666666,1.0,4.044,1.367010158730159
5,0.6666666666666666,1.0,4.223999999999999,1.3684501587301585
6,0.6666666666666666,1.0,3.9939999999999998,1.372010158730159
7,0.6666666666666666,1.0,4.324,1.3784501587301585
8,0.6666666666666666,0.8,4.168,1.219993015873016
9,0.6666666666666666,0.8,4.15,1.2181930158730159
index,gender_rate,school_diversity,cgpa_average,*diversity
0,0.25,1.0,4.022,0.9359866666666666
1,0.6666666666666666,1.0,4.01,1.3746866666666666
2,0.6666666666666666,1.0,4.0,1.3756866666666667
3,0.6666666666666666,1.0,4.191999999999999,1.3768466666666668
4,0.6666666666666666,1.0,3.9879999999999995,1.3768866666666666
5,0.6666666666666666,1.0,3.978,1.3778866666666667
6,0.6666666666666666,1.0,4.212,1.3788466666666668
7,0.6666666666666666,0.6,4.156000000000001,1.1065800000000001
8,0.6666666666666666,1.0,4.182,1.3758466666666669
9,0.6666666666666666,1.0,4.162000000000001,1.3738466666666669
index,gender_rate,school_diversity,cgpa_average,*diversity
0,0.25,1.0,4.108,0.9391711111111111
1,0.25,1.0,4.01,0.9428511111111111
2,0.6666666666666666,1.0,4.016,1.4607696296296295
3,0.25,1.0,4.002,0.9436511111111111
4,0.6666666666666666,0.6,4.078,1.2046896296296294
5,0.6666666666666666,0.8,4.114000000000001,1.3332896296296295
6,0.6666666666666666,1.0,4.134,1.4602896296296295
7,0.6666666666666666,1.0,4.138,1.4606896296296294
8,0.6666666666666666,1.0,3.9939999999999998,1.4629696296296295
9,0.6666666666666666,1.0,4.18,1.4648896296296294
index,gender_rate,school_diversity,cgpa_average,*diversity
0,0.25,1.0,4.183999999999999,1.0490416666666667
1,0.25,1.0,4.045999999999999,1.0418416666666668
2,0.25,0.8,4.023999999999999,0.9107083333333335
3,0.6666666666666666,1.0,4.164,1.6668333333333332
4,0.25,1.0,4.004,1.0460416666666668
5,0.6666666666666666,0.6,3.996,1.3999666666666666
6,0.6666666666666666,1.0,4.114,1.6618333333333333
7,0.6666666666666666,1.0,4.12,1.6624333333333332
8,0.6666666666666666,1.0,4.128,1.6632333333333333
9,0.6666666666666666,1.0,4.01,1.6652333333333331
index,gender_rate,school_diversity,cgpa_average,*diversity
0,0.6666666666666666,1.0,4.162,1.2665460606060606
1,0.6666666666666666,1.0,4.04,1.2668660606060609
2,0.6666666666666666,1.0,4.016,1.2692660606060608
3,0.6666666666666666,1.0,4.194,1.2697460606060607
4,0.6666666666666666,1.0,4.21,1.2713460606060605
5,0.6666666666666666,1.0,3.9839999999999995,1.272466060606061
6,0.6666666666666666,1.0,4.05,1.265866060606061
7,0.6666666666666666,1.0,4.162,1.2665460606060606
8,0.6666666666666666,1.0,4.1659999999999995,1.2669460606060605
9,0.6666666666666666,1.0,4.042,1.266666060606061
index,gender_rate,school_diversity,cgpa_average,*diversity
0,0.6666666666666666,1.0,4.154000000000001,1.2202327536231885
1,0.6666666666666666,1.0,4.038,1.2203527536231884
2,0.6666666666666666,1.0,4.17,1.2218327536231885
3,0.6666666666666666,1.0,4.014,1.2227527536231884
4,0.6666666666666666,1.0,3.996,1.2245527536231884
5,0.6666666666666666,1.0,3.996,1.2245527536231884
6,0.6666666666666666,1.0,4.146,1.2194327536231884
7,0.6666666666666666,1.0,4.16,1.2208327536231884
8,0.6666666666666666,1.0,4.17,1.2218327536231885
9,0.6666666666666666,1.0,4.122,1.2170327536231884
index,gender_rate,school_diversity,cgpa_average,*diversity
0,0.6666666666666666,1.0,4.0280000000000005,1.2267212698412697
1,0.6666666666666666,1.0,4.1739999999999995,1.2275612698412697
2,0.6666666666666666,1.0,4.016,1.2279212698412698
3,0.6666666666666666,1.0,3.9899999999999998,1.2305212698412697
4,0.6666666666666666,1.0,3.9879999999999995,1.2307212698412697
5,0.6666666666666666,1.0,4.214,1.2315612698412697
6,0.6666666666666666,0.8,4.072,1.079464126984127
7,0.6666666666666666,0.8,4.062,1.0804641269841269
8,0.6666666666666666,1.0,4.246,1.2347612698412698
9,0.6666666666666666,1.0,4.177999999999999,1.2279612698412696
index,gender_rate,school_diversity,cgpa_average,*diversity
0,0.6666666666666666,1.0,4.038,1.140321381074169
1,0.6666666666666666,1.0,4.0280000000000005,1.141321381074169
2,0.6666666666666666,1.0,4.0280000000000005,1.141321381074169
3,0.6666666666666666,1.0,4.022,1.141921381074169
4,0.6666666666666666,1.0,4.144,1.1424013810741687
5,0.6666666666666666,1.0,4.151999999999999,1.1432013810741686
6,0.6666666666666666,1.0,4.12,1.1400013810741687
7,0.6666666666666666,1.0,4.1,1.1380013810741687
8,0.6666666666666666,1.0,4.136,1.1416013810741688
9,0.6666666666666666,1.0,4.037999999999999,1.140321381074169
index,gender_rate,school_diversity,cgpa_average,*diversity
0,0.6666666666666666,1.0,4.138,1.2231212698412695
1,0.6666666666666666,1.0,4.15,1.2243212698412695
2,0.6666666666666666,1.0,4.162000000000001,1.2255212698412696
3,0.6666666666666666,1.0,4.1659999999999995,1.2259212698412696
4,0.6666666666666666,1.0,4.168000000000001,1.2261212698412696
5,0.6666666666666666,1.0,4.036,1.22676126984127
6,0.6666666666666666,1.0,4.036,1.22676126984127
7,0.6666666666666666,1.0,4.016,1.22876126984127
8,0.6666666666666666,1.0,4.094,1.22096126984127
9,0.6666666666666666,0.8,4.086,1.078904126984127
index,gender_rate,school_diversity,cgpa_average,*diversity
0,0.6666666666666666,1.0,4.006,1.314005108225108
1,0.6666666666666666,1.0,4.0,1.3146051082251082
2,0.6666666666666666,1.0,4.15,1.3168451082251083
3,0.6666666666666666,1.0,3.9659999999999997,1.318005108225108
4,0.6666666666666666,1.0,4.1659999999999995,1.318445108225108
5,0.6666666666666666,1.0,4.166,1.3184451082251083
6,0.6666666666666666,0.8,4.122000000000001,1.1711879653679655
7,0.6666666666666666,1.0,4.088,1.3106451082251083
8,0.6666666666666666,1.0,4.014,1.3132051082251082
9,0.6666666666666666,1.0,3.9599999999999995,1.3186051082251082
index,gender_rate,school_diversity,cgpa_average,*diversity
0,0.6666666666666666,1.0,4.101999999999999,1.1349555555555555
1,0.6666666666666666,1.0,4.136,1.1383555555555556
2,0.6666666666666666,1.0,3.967999999999999,1.1395555555555557
3,0.6666666666666666,1.0,3.9560000000000004,1.1407555555555555
4,0.6666666666666666,1.0,3.946,1.1417555555555554
5,0.6666666666666666,1.0,4.178,1.1425555555555555
6,0.6666666666666666,0.8,4.01,1.0103555555555555
7,0.6666666666666666,1.0,4.144,1.1391555555555555
8,0.6666666666666666,1.0,4.004,1.1359555555555556
9,0.6666666666666666,1.0,4.136000000000001,1.1383555555555556
index,gender_rate,school_diversity,cgpa_average,*diversity
0,0.6666666666666666,1.0,4.112,1.177582222222222
1,0.6666666666666666,1.0,4.124,1.178782222222222
2,0.6666666666666666,1.0,3.9900000000000007,1.179062222222222
3,0.6666666666666666,1.0,3.9799999999999995,1.1800622222222221
4,0.6666666666666666,1.0,4.138,1.180182222222222
5,0.6666666666666666,1.0,3.9599999999999995,1.1820622222222221
6,0.6666666666666666,1.0,4.175999999999999,1.1839822222222218
7,0.6666666666666666,1.0,3.9300000000000006,1.185062222222222
8,0.6666666666666666,1.0,4.074,1.173782222222222
9,0.6666666666666666,1.0,4.1,1.176382222222222
index,gender_rate,school_diversity,cgpa_average,*diversity
0,0.6666666666666666,1.0,4.052,1.2262012698412696
1,0.6666666666666666,1.0,4.048,1.2266012698412696
2,0.6666666666666666,1.0,4.184,1.2266812698412697
3,0.6666666666666666,1.0,4.034,1.2280012698412697
4,0.6666666666666666,1.0,4.204,1.2286812698412697
5,0.6666666666666666,1.0,4.29,1.2372812698412698
6,0.6666666666666666,1.0,4.07,1.2244012698412696
7,0.6666666666666666,0.8,4.184,1.083824126984127
8,0.6666666666666666,1.0,4.052,1.2262012698412696
9,0.6666666666666666,0.8,4.037999999999999,1.084744126984127
index,gender_rate,school_diversity,cgpa_average,*diversity
0,0.6666666666666666,1.0,3.9879999999999995,1.2788444444444445
1,0.6666666666666666,1.0,4.108,1.2720444444444443
2,0.6666666666666666,1.0,4.0280000000000005,1.2748444444444444
3,0.6666666666666666,1.0,4.022,1.2754444444444444
4,0.6666666666666666,1.0,4.02,1.2756444444444446
5,0.6666666666666666,1.0,4.154,1.2766444444444442
6,0.6666666666666666,1.0,4.154000000000001,1.2766444444444445
7,0.6666666666666666,1.0,4.1,1.2712444444444442
8,0.6666666666666666,1.0,4.1,1.2712444444444442
9,0.6666666666666666,1.0,4.145999999999999,1.2758444444444441
index,gender_rate,school_diversity,cgpa_average,*diversity
0,0.25,1.0,4.02,0.9418911111111111
1,0.25,1.0,4.1659999999999995,0.944931111111111
2,0.6666666666666666,1.0,4.164,1.4632496296296296
3,0.6666666666666666,1.0,4.002000000000001,1.4622096296296294
4,0.6666666666666666,1.0,4.164,1.4632496296296296
5,0.6666666666666666,1.0,3.968,1.4656096296296295
6,0.6666666666666666,1.0,3.9619999999999997,1.4662096296296294
7,0.6666666666666666,1.0,4.198,1.4666496296296296
8,0.6666666666666666,1.0,3.94,1.4684096296296294
9,0.6666666666666666,0.6,4.194000000000001,1.2162496296296297
index,gender_rate,school_diversity,cgpa_average,*diversity
0,0.6666666666666666,1.0,4.140000000000001,1.320136856187291
1,0.6666666666666666,1.0,4.066000000000001,1.3213768561872907
2,0.6666666666666666,1.0,4.162,1.3223368561872908
3,0.6666666666666666,1.0,4.053999999999999,1.3225768561872908
4,0.6666666666666666,1.0,4.034,1.3245768561872908
5,0.6666666666666666,1.0,3.9800000000000004,1.3299768561872907
6,0.6666666666666666,0.8,4.118,1.164090702341137
7,0.6666666666666666,1.0,4.156000000000001,1.3217368561872909
8,0.6666666666666666,1.0,4.074,1.3205768561872908
9,0.6666666666666666,0.8,4.308,1.1830907023411372
index,gender_rate,school_diversity,cgpa_average,*diversity
0,0.25,1.0,4.052,0.9818857142857144
1,0.6666666666666666,1.0,4.048,1.4197857142857142
2,0.6666666666666666,0.8,4.0280000000000005,1.2789285714285714
3,0.6666666666666666,1.0,4.029999999999999,1.4215857142857142
4,0.6666666666666666,1.0,4.017999999999999,1.4227857142857143
5,0.6666666666666666,1.0,4.196,1.423585714285714
6,0.6666666666666666,1.0,4.232,1.427185714285714
7,0.6666666666666666,1.0,4.236,1.427585714285714
8,0.6666666666666666,0.8,4.132,1.2743285714285713
9,0.6666666666666666,1.0,4.058,1.4187857142857143
index,gender_rate,school_diversity,cgpa_average,*diversity
0,0.6666666666666666,1.0,3.9859999999999998,1.3333000000000002
1,0.25,1.0,4.004,0.8940000000000001
2,0.6666666666666666,1.0,4.016,1.3303
3,0.6666666666666666,1.0,4.13,1.3310999999999997
4,0.6666666666666666,1.0,4.144,1.3324999999999998
5,0.6666666666666666,1.0,4.1579999999999995,1.3338999999999996
6,0.6666666666666666,1.0,4.182,1.3362999999999998
7,0.6666666666666666,1.0,3.946,1.3373000000000002
8,0.6666666666666666,0.8,4.0280000000000005,1.2041000000000002
9,0.6666666666666666,1.0,4.096,1.3276999999999999
index,gender_rate,school_diversity,cgpa_average,*diversity
0,0.6666666666666666,1.0,4.116,1.1399613810741687
1,0.6666666666666666,1.0,4.034000000000001,1.140361381074169
2,0.6666666666666666,1.0,4.126,1.1409613810741688
3,0.6666666666666666,1.0,4.018,1.1419613810741691
4,0.6666666666666666,1.0,4.014,1.142361381074169
5,0.6666666666666666,1.0,4.15,1.1433613810741687
6,0.6666666666666666,1.0,3.9859999999999998,1.145161381074169
7,0.6666666666666666,1.0,4.17,1.1453613810741687
8,0.6666666666666666,0.6,4.106000000000001,0.9036672634271098
9,0.6666666666666666,1.0,4.05,1.138761381074169
index,gender_rate,school_diversity,cgpa_average,*diversity
0,0.25,1.0,4.186,0.9362466666666667
1,0.6666666666666666,1.0,4.04,1.3741866666666667
2,0.6666666666666666,0.8,4.074000000000001,1.2374533333333333
3,0.6666666666666666,0.8,4.174,1.2392133333333335
4,0.6666666666666666,1.0,4.17,1.3721466666666666
5,0.6666666666666666,1.0,4.208,1.3759466666666667
6,0.6666666666666666,1.0,4.016,1.3765866666666666
7,0.6666666666666666,1.0,4.222,1.3773466666666667
8,0.6666666666666666,0.8,4.042,1.2406533333333334
9,0.6666666666666666,1.0,4.02,1.3761866666666667
index,gender_rate,school_diversity,cgpa_average,*diversity
0,0.6666666666666666,0.8,4.154,1.1333127272727272
1,0.6666666666666666,0.8,3.9919999999999995,1.1374327272727276
2,0.6666666666666666,1.0,4.162000000000001,1.2674460606060607
3,0.6666666666666666,1.0,4.024,1.2675660606060608
4,0.6666666666666666,1.0,4.164,1.2676460606060607
5,0.6666666666666666,1.0,4.01,1.2689660606060609
6,0.6666666666666666,1.0,4.128,1.2640460606060606
7,0.6666666666666666,0.8,4.1339999999999995,1.1313127272727272
8,0.6666666666666666,1.0,4.026000000000001,1.2673660606060608
9,0.6666666666666666,1.0,4.142000000000001,1.2654460606060607
index,gender_rate,school_diversity,cgpa_average,*diversity
0,0.6666666666666666,1.0,4.162000000000001,1.3959635087719295
1,0.6666666666666666,1.0,4.08,1.3877635087719296
2,0.6666666666666666,1.0,4.088,1.3885635087719295
3,0.6666666666666666,1.0,4.098000000000001,1.3895635087719296
4,0.6666666666666666,1.0,4.106,1.3903635087719295
5,0.6666666666666666,1.0,4.127999999999999,1.3925635087719295
6,0.6666666666666666,1.0,3.9939999999999998,1.3936435087719297
7,0.6666666666666666,1.0,3.9739999999999993,1.3956435087719297
8,0.6666666666666666,1.0,3.9560000000000004,1.3974435087719295
9,0.25,0.8,4.078,0.7866863157894736
index,gender_rate,school_diversity,cgpa_average,*diversity
0,0.6666666666666666,1.0,4.0760000000000005,1.2716644444444443
1,0.6666666666666666,1.0,4.08,1.2720644444444442
2,0.6666666666666666,1.0,4.088,1.2728644444444444
3,0.6666666666666666,1.0,4.089999999999999,1.273064444444444
4,0.6666666666666666,1.0,4.004,1.2744244444444446
5,0.6666666666666666,1.0,3.996,1.2752244444444445
6,0.6666666666666666,1.0,3.9859999999999998,1.2762244444444444
7,0.6666666666666666,1.0,4.146,1.2786644444444444
8,0.6666666666666666,0.8,4.05,1.1448244444444444
9,0.6666666666666666,1.0,4.021999999999999,1.2726244444444446
index,gender_rate,school_diversity,cgpa_average,*diversity
0,0.25,1.0,4.182,1.0825600000000002
1,0.6666666666666666,1.0,4.090000000000001,1.4794177777777777
2,0.6666666666666666,1.0,4.064,1.4820177777777779
3,0.6666666666666666,1.0,4.17,1.4841377777777778
4,0.6666666666666666,1.0,4.0280000000000005,1.4856177777777777
5,0.6666666666666666,1.0,4.214,1.488537777777778
6,0.6666666666666666,1.0,4.22,1.489137777777778
7,0.6666666666666666,1.0,3.9859999999999998,1.489817777777778
8,0.6666666666666666,1.0,3.9840000000000004,1.4900177777777779
9,0.6666666666666666,0.8,4.1259999999999994,1.313071111111111
index,gender_rate,school_diversity,cgpa_average,*diversity
0,0.6666666666666666,1.0,3.996,1.3665701587301589
1,0.6666666666666666,0.8,3.9839999999999995,1.2249130158730162
2,0.6666666666666666,1.0,4.116,1.3628901587301587
3,0.6666666666666666,1.0,3.9739999999999993,1.3687701587301588
4,0.6666666666666666,1.0,3.972,1.3689701587301588
5,0.6666666666666666,1.0,4.192,1.3704901587301588
6,0.6666666666666666,1.0,4.203999999999999,1.3716901587301586
7,0.6666666666666666,0.6,4.104000000000001,1.075975873015873
8,0.6666666666666666,0.8,4.104000000000001,1.218833015873016
9,0.6666666666666666,0.8,4.098000000000001,1.218233015873016
index,gender_rate,school_diversity,cgpa_average,*diversity
0,0.6666666666666666,0.8,4.21,1.2444933333333332
1,0.6666666666666666,0.8,4.183999999999999,1.2418933333333333
2,0.6666666666666666,0.8,3.9859999999999998,1.2445733333333335
3,0.6666666666666666,1.0,4.14,1.3708266666666666
4,0.6666666666666666,1.0,4.05,1.3715066666666669
5,0.6666666666666666,1.0,4.0200000000000005,1.3745066666666668
6,0.6666666666666666,1.0,4.01,1.3755066666666669
7,0.6666666666666666,1.0,4.002,1.3763066666666668
8,0.6666666666666666,1.0,4.2700000000000005,1.3838266666666668
9,0.25,0.8,4.112,0.7971933333333333
index,gender_rate,school_diversity,cgpa_average,*diversity
0,0.6666666666666666,1.0,4.04,1.1787860869565217
1,0.6666666666666666,1.0,4.037999999999999,1.1789860869565216
2,0.6666666666666666,1.0,4.023999999999999,1.1803860869565217
3,0.6666666666666666,1.0,4.182,1.1810660869565217
4,0.6666666666666666,1.0,4.19,1.1818660869565218
5,0.6666666666666666,1.0,4.002,1.1825860869565217
6,0.6666666666666666,1.0,4.140000000000001,1.1768660869565217
7,0.6666666666666666,0.8,4.144,1.0522660869565217
8,0.6666666666666666,0.8,4.069999999999999,1.0507860869565218
9,0.6666666666666666,1.0,4.166,1.1794660869565217
index,gender_rate,school_diversity,cgpa_average,*diversity
0,0.6666666666666666,1.0,3.992,1.4218752136752135
1,0.6666666666666666,1.0,4.022,1.4188752136752136
2,0.6666666666666666,1.0,4.01,1.4200752136752137
3,0.6666666666666666,1.0,4.152,1.4214752136752136
4,0.6666666666666666,1.0,4.156000000000001,1.4218752136752135
5,0.6666666666666666,1.0,4.167999999999999,1.4230752136752134
6,0.6666666666666666,1.0,3.96,1.4250752136752136
7,0.6666666666666666,0.8,4.098,1.2622290598290598
8,0.6666666666666666,1.0,4.098000000000001,1.4160752136752135
9,0.6666666666666666,1.0,4.0840000000000005,1.4146752136752134
index,gender_rate,school_diversity,cgpa_average,*diversity
0,0.6666666666666666,1.0,4.026000000000001,1.1371133333333332
1,0.6666666666666666,1.0,3.9939999999999998,1.1403133333333333
2,0.6666666666666666,1.0,4.136,1.1405533333333333
3,0.6666666666666666,1.0,3.9899999999999998,1.1407133333333335
4,0.6666666666666666,1.0,4.140000000000001,1.1409533333333333
5,0.6666666666666666,1.0,4.144,1.1413533333333332
6,0.6666666666666666,1.0,3.95,1.1447133333333332
7,0.6666666666666666,1.0,4.1899999999999995,1.1459533333333332
8,0.6666666666666666,1.0,4.024,1.1373133333333334
9,0.6666666666666666,0.8,4.0440000000000005,1.00198
index,gender_rate,school_diversity,cgpa_average,*diversity
0,0.6666666666666666,1.0,4.016,1.1394133333333332
1,0.6666666666666666,1.0,4.0120000000000005,1.1398133333333331
2,0.6666666666666666,1.0,4.01,1.1400133333333333
3,0.6666666666666666,1.0,4.154,1.1410533333333333
4,0.6666666666666666,1.0,4.164,1.1420533333333334
5,0.6666666666666666,1.0,3.9800000000000004,1.1430133333333332
6,0.6666666666666666,1.0,4.14,1.1396533333333334
7,0.6666666666666666,1.0,4.132,1.1388533333333333
8,0.6666666666666666,1.0,4.146,1.1402533333333333
9,0.6666666666666666,1.0,4.014,1.1396133333333331
index,gender_rate,school_diversity,cgpa_average,*diversity
0,0.6666666666666666,1.0,4.142,1.2244212698412698
1,0.6666666666666666,1.0,4.05,1.2244612698412698
2,0.6666666666666666,1.0,4.03,1.2264612698412696
3,0.6666666666666666,1.0,4.17,1.2272212698412697
4,0.6666666666666666,1.0,4.172,1.2274212698412696
5,0.6666666666666666,1.0,4.1979999999999995,1.2300212698412698
6,0.6666666666666666,1.0,3.9859999999999998,1.2308612698412698
7,0.6666666666666666,1.0,3.972,1.2322612698412696
8,0.6666666666666666,0.8,4.15,1.082364126984127
9,0.6666666666666666,1.0,4.0920000000000005,1.2202612698412696
index,gender_rate,school_diversity,cgpa_average,*diversity
0,0.6666666666666666,1.0,4.042,1.368130163170163
1,0.6666666666666666,1.0,4.032,1.369130163170163
2,0.6666666666666666,1.0,4.018000000000001,1.3705301631701627
3,0.6666666666666666,1.0,4.167999999999999,1.3708101631701628
4,0.6666666666666666,1.0,4.014,1.370930163170163
5,0.6666666666666666,1.0,3.9899999999999998,1.3733301631701629
6,0.6666666666666666,1.0,4.156000000000001,1.369610163170163
7,0.6666666666666666,1.0,4.152,1.369210163170163
8,0.6666666666666666,0.8,4.158,1.2159640093240092
9,0.6666666666666666,1.0,4.186,1.372610163170163
index,gender_rate,school_diversity,cgpa_average,*diversity
0,0.6666666666666666,1.0,4.182,1.1379155555555556
1,0.6666666666666666,1.0,4.188,1.1385155555555555
2,0.6666666666666666,1.0,4.1899999999999995,1.1387155555555555
3,0.6666666666666666,1.0,4.022,1.1391955555555555
4,0.6666666666666666,1.0,4.208,1.1405155555555555
5,0.6666666666666666,1.0,3.9620000000000006,1.1451955555555555
6,0.6666666666666666,0.8,4.132,1.0079155555555555
7,0.6666666666666666,1.0,4.162000000000001,1.1359155555555556
8,0.6666666666666666,1.0,4.0,1.1413955555555555
9,0.6666666666666666,1.0,4.037999999999999,1.1375955555555555
index,gender_rate,school_diversity,cgpa_average,*diversity
0,0.6666666666666666,1.0,4.112,1.2212393939393937
1,0.6666666666666666,1.0,4.140000000000001,1.2240393939393939
2,0.6666666666666666,1.0,4.162,1.2262393939393936
3,0.6666666666666666,1.0,4.014,1.2264393939393938
4,0.6666666666666666,1.0,4.013999999999999,1.2264393939393938
5,0.6666666666666666,1.0,4.17,1.2270393939393938
6,0.6666666666666666,1.0,4.172,1.2272393939393937
7,0.6666666666666666,1.0,3.9819999999999993,1.229639393939394
8,0.6666666666666666,0.8,4.109999999999999,1.0960393939393938
9,0.25,1.0,4.014,0.8552272727272727
index,gender_rate,school_diversity,cgpa_average,*diversity
0,0.6666666666666666,1.0,4.112,1.366670163170163
1,0.6666666666666666,1.0,4.01,1.3698701631701629
2,0.6666666666666666,1.0,4.0040000000000004,1.3704701631701628
3,0.6666666666666666,1.0,3.992,1.3716701631701629
4,0.6666666666666666,1.0,3.9879999999999995,1.372070163170163
5,0.6666666666666666,1.0,4.220000000000001,1.377470163170163
6,0.6666666666666666,1.0,4.11,1.366470163170163
7,0.6666666666666666,1.0,4.138,1.369270163170163
8,0.6666666666666666,0.8,4.018,1.2152240093240092
9,0.6666666666666666,0.8,4.178,1.2194240093240092
index,gender_rate,school_diversity,cgpa_average,*diversity
0,0.6666666666666666,1.0,4.156000000000001,1.1857523809523811
1,0.6666666666666666,1.0,4.052,1.1865523809523808
2,0.6666666666666666,1.0,4.168,1.1869523809523812
3,0.6666666666666666,1.0,4.042,1.187552380952381
4,0.6666666666666666,1.0,4.1739999999999995,1.1875523809523811
5,0.6666666666666666,1.0,4.036,1.1881523809523808
6,0.6666666666666666,1.0,4.1899999999999995,1.189152380952381
7,0.6666666666666666,1.0,4.02,1.189752380952381
8,0.6666666666666666,1.0,4.1259999999999994,1.182752380952381
9,0.6666666666666666,0.8,4.116,1.0388952380952383
index,gender_rate,school_diversity,cgpa_average,*diversity
0,0.6666666666666666,1.0,4.158,1.323676856187291
1,0.6666666666666666,1.0,4.022,1.3240368561872908
2,0.6666666666666666,1.0,4.1659999999999995,1.3244768561872908
3,0.6666666666666666,1.0,4.004,1.3258368561872909
4,0.6666666666666666,1.0,4.0,1.3262368561872908
5,0.6666666666666666,1.0,4.2,1.327876856187291
6,0.6666666666666666,1.0,4.203999999999999,1.3282768561872906
7,0.6666666666666666,1.0,3.9619999999999997,1.3300368561872908
8,0.6666666666666666,1.0,4.058,1.3204368561872908
9,0.6666666666666666,0.8,4.144,1.168430702341137
index,gender_rate,school_diversity,cgpa_average,*diversity
0,0.6666666666666666,1.0,4.1659999999999995,1.6060403988603986
1,0.25,0.8,4.049999999999999,0.9309157264957266
2,0.25,1.0,4.1579999999999995,1.0867218803418803
3,0.6666666666666666,0.8,4.078,1.4466342450142449
4,0.6666666666666666,1.0,4.132,1.6026403988603986
5,0.6666666666666666,1.0,4.138,1.6032403988603987
6,0.6666666666666666,1.0,4.154,1.6048403988603988
7,0.6666666666666666,1.0,4.018,1.6064803988603986
8,0.6666666666666666,1.0,4.014,1.6068803988603986
9,0.6666666666666666,0.8,4.034000000000001,1.4510342450142448
index,gender_rate,school_diversity,cgpa_average,*diversity
0,0.6666666666666666,1.0,4.146,1.4325101754385965
1,0.25,1.0,3.9779999999999993,0.9645529824561405
2,0.25,1.0,4.223999999999999,0.9644329824561403
3,0.6666666666666666,1.0,4.06,1.4322301754385967
4,0.6666666666666666,1.0,4.044,1.4338301754385965
5,0.6666666666666666,1.0,4.023999999999999,1.4358301754385967
6,0.6666666666666666,1.0,4.0,1.4382301754385964
7,0.6666666666666666,1.0,4.242,1.4421101754385965
8,0.6666666666666666,1.0,4.244,1.4423101754385965
9,0.6666666666666666,1.0,4.054,1.4328301754385966
index,gender_rate,school_diversity,cgpa_average,*diversity
0,0.6666666666666666,1.0,4.154,1.3133851082251082
1,0.6666666666666666,1.0,4.040000000000001,1.314465108225108
2,0.6666666666666666,1.0,4.038,1.3146651082251082
3,0.6666666666666666,1.0,4.174,1.3153851082251082
4,0.6666666666666666,1.0,4.024,1.316065108225108
5,0.6666666666666666,1.0,4.182,1.3161851082251084
6,0.6666666666666666,1.0,4.132000000000001,1.3111851082251083
7,0.6666666666666666,1.0,4.146,1.3125851082251083
8,0.6666666666666666,0.8,4.063999999999999,1.1692079653679655
9,0.6666666666666666,1.0,4.069999999999999,1.311465108225108
index,gender_rate,school_diversity,cgpa_average,*diversity
0,0.6666666666666666,1.0,4.132,1.5378733333333334
1,0.25,0.8,4.1339999999999995,0.9339066666666666
2,0.6666666666666666,1.0,4.054,1.5365933333333335
3,0.6666666666666666,1.0,4.14,1.5386733333333333
4,0.6666666666666666,1.0,4.140000000000001,1.5386733333333333
5,0.6666666666666666,1.0,4.146,1.5392733333333333
6,0.6666666666666666,1.0,4.024,1.5395933333333336
7,0.6666666666666666,1.0,4.008,1.5411933333333334
8,0.6666666666666666,0.8,4.0,1.3753266666666668
9,0.6666666666666666,1.0,4.088,1.5334733333333335
index,gender_rate,school_diversity,cgpa_average,*diversity
0,0.6666666666666666,1.0,4.026,1.2255012698412697
1,0.6666666666666666,1.0,4.142,1.2257812698412698
2,0.6666666666666666,1.0,4.016,1.2265012698412698
3,0.6666666666666666,1.0,4.15,1.2265812698412697
4,0.6666666666666666,1.0,4.006,1.2275012698412697
5,0.6666666666666666,1.0,3.9899999999999998,1.2291012698412698
6,0.6666666666666666,1.0,4.182,1.2297812698412698
7,0.6666666666666666,0.8,4.082,1.0770441269841269
8,0.6666666666666666,1.0,4.104,1.2219812698412698
9,0.6666666666666666,1.0,4.128,1.2243812698412697
index,gender_rate,school_diversity,cgpa_average,*diversity
0,0.6666666666666666,1.0,4.1579999999999995,1.2219127536231882
1,0.6666666666666666,1.0,4.16,1.2221127536231884
2,0.6666666666666666,1.0,4.0,1.2228727536231885
3,0.6666666666666666,1.0,3.9879999999999995,1.2240727536231886
4,0.6666666666666666,1.0,3.9839999999999995,1.2244727536231885
5,0.6666666666666666,1.0,3.982,1.2246727536231885
6,0.6666666666666666,1.0,4.1899999999999995,1.2251127536231883
7,0.6666666666666666,1.0,4.214,1.2275127536231885
8,0.6666666666666666,1.0,4.14,1.2201127536231884
9,0.6666666666666666,1.0,4.022,1.2206727536231885
index,gender_rate,school_diversity,cgpa_average,*diversity
0,0.6666666666666666,1.0,4.064,1.311665108225108
1,0.6666666666666666,1.0,4.1579999999999995,1.3141851082251081
2,0.6666666666666666,1.0,4.164,1.3147851082251083
3,0.6666666666666666,1.0,4.03,1.3150651082251081
4,0.6666666666666666,1.0,4.17,1.3153851082251082
5,0.6666666666666666,1.0,4.022,1.315865108225108
6,0.6666666666666666,0.8,4.11,1.1665279653679654
7,0.6666666666666666,0.8,4.166000000000001,1.1721279653679657
8,0.6666666666666666,1.0,4.048,1.3132651082251081
9,0.6666666666666666,1.0,4.052,1.3128651082251082
index,gender_rate,school_diversity,cgpa_average,*diversity
0,0.25,0.8,4.156000000000001,0.8021933333333334
1,0.6666666666666666,1.0,4.012,1.3747066666666667
2,0.6666666666666666,1.0,4.042,1.3717066666666669
3,0.6666666666666666,1.0,4.15,1.3724266666666667
4,0.6666666666666666,1.0,4.174,1.3748266666666666
5,0.6666666666666666,1.0,4.2,1.3774266666666666
6,0.6666666666666666,1.0,3.9799999999999995,1.3779066666666668
7,0.6666666666666666,1.0,4.214,1.3788266666666666
8,0.6666666666666666,0.8,3.982,1.2443733333333333
9,0.6666666666666666,1.0,4.014,1.3745066666666668
index,gender_rate,school_diversity,cgpa_average,*diversity
0,0.6666666666666666,0.8,4.002,1.0710876292335116
1,0.6666666666666666,1.0,4.0,1.188934688057041
2,0.6666666666666666,1.0,3.996,1.189334688057041
3,0.6666666666666666,1.0,3.9839999999999995,1.190534688057041
4,0.6666666666666666,1.0,4.151999999999999,1.1906146880570407
5,0.6666666666666666,1.0,4.17,1.192414688057041
6,0.6666666666666666,1.0,4.174,1.192814688057041
7,0.6666666666666666,1.0,3.9459999999999993,1.1943346880570411
8,0.6666666666666666,0.8,4.116,1.0693676292335115
9,0.25,0.8,4.136000000000001,0.7001555080213905
index,gender_rate,school_diversity,cgpa_average,*diversity
0,0.6666666666666666,1.0,4.046,1.2242793939393937
1,0.6666666666666666,1.0,4.039999999999999,1.2248793939393938
2,0.6666666666666666,1.0,4.036,1.2252793939393938
3,0.6666666666666666,1.0,4.036,1.2252793939393938
4,0.6666666666666666,1.0,4.176,1.2265993939393938
5,0.6666666666666666,1.0,4.022,1.2266793939393938
6,0.6666666666666666,1.0,4.182,1.2271993939393937
7,0.6666666666666666,1.0,4.207999999999999,1.2297993939393936
8,0.25,0.8,4.17,0.7297872727272726
9,0.6666666666666666,0.8,4.077999999999999,1.0960793939393938
index,gender_rate,school_diversity,cgpa_average,*diversity
0,0.6666666666666666,1.0,4.132,1.2647460606060608
1,0.6666666666666666,1.0,4.138,1.2653460606060607
2,0.6666666666666666,1.0,4.152,1.2667460606060608
3,0.6666666666666666,1.0,4.018,1.2678660606060608
4,0.6666666666666666,1.0,4.166,1.2681460606060608
5,0.6666666666666666,1.0,4.168,1.2683460606060608
6,0.6666666666666666,1.0,3.9779999999999993,1.2718660606060608
7,0.6666666666666666,1.0,3.978,1.2718660606060608
8,0.6666666666666666,0.8,4.122,1.1304127272727273
9,0.6666666666666666,1.0,4.054,1.2642660606060607
index,gender_rate,school_diversity,cgpa_average,*diversity
0,0.6666666666666666,1.0,4.0840000000000005,1.310005108225108
1,0.6666666666666666,1.0,4.044,1.3140051082251083
2,0.6666666666666666,1.0,4.0200000000000005,1.316405108225108
3,0.6666666666666666,1.0,4.012,1.3172051082251082
4,0.6666666666666666,1.0,4.006,1.317805108225108
5,0.6666666666666666,1.0,4.203999999999999,1.318445108225108
6,0.6666666666666666,1.0,4.2059999999999995,1.318645108225108
7,0.6666666666666666,1.0,4.234,1.3214451082251082
8,0.6666666666666666,1.0,4.156000000000001,1.3136451082251082
9,0.6666666666666666,1.0,4.052,1.3132051082251082
index,gender_rate,school_diversity,cgpa_average,*diversity
0,0.6666666666666666,1.0,4.077999999999999,1.3132911111111112
1,0.6666666666666666,1.0,4.061999999999999,1.3148911111111112
2,0.6666666666666666,1.0,4.054,1.3156911111111111
3,0.6666666666666666,1.0,4.172,1.3183311111111111
4,0.6666666666666666,1.0,4.026,1.318491111111111
5,0.6666666666666666,1.0,4.011999999999999,1.3198911111111113
6,0.6666666666666666,1.0,4.1899999999999995,1.3201311111111111
7,0.6666666666666666,1.0,4.194,1.320531111111111
8,0.6666666666666666,0.8,4.112,1.1789977777777778
9,0.6666666666666666,1.0,4.098000000000001,1.311291111111111
index,gender_rate,school_diversity,cgpa_average,*diversity
0,0.25,1.0,3.9959999999999996,0.8743466666666668
1,0.6666666666666666,0.8,4.002000000000001,1.1515244444444444
2,0.6666666666666666,1.0,3.9939999999999998,1.2773244444444445
3,0.6666666666666666,1.0,4.16,1.2781644444444442
4,0.6666666666666666,1.0,4.164000000000001,1.2785644444444444
5,0.6666666666666666,1.0,4.1659999999999995,1.2787644444444441
6,0.6666666666666666,1.0,3.978,1.2789244444444445
7,0.6666666666666666,1.0,4.183999999999999,1.2805644444444442
8,0.6666666666666666,1.0,3.9519999999999995,1.2815244444444445
9,0.6666666666666666,0.8,4.132,1.1503644444444443
index,gender_rate,school_diversity,cgpa_average,*diversity
0,0.25,1.0,4.044,0.9819057142857145
1,0.6666666666666666,1.0,4.042,1.4196057142857144
2,0.6666666666666666,0.8,4.164,1.2783085714285711
3,0.6666666666666666,1.0,4.046,1.4192057142857144
4,0.6666666666666666,1.0,4.042,1.4196057142857144
5,0.6666666666666666,1.0,4.0360000000000005,1.4202057142857143
6,0.6666666666666666,1.0,4.172000000000001,1.421965714285714
7,0.6666666666666666,1.0,4.175999999999999,1.4223657142857138
8,0.6666666666666666,0.8,4.072,1.2737485714285715
9,0.6666666666666666,1.0,4.1579999999999995,1.420565714285714
index,gender_rate,school_diversity,cgpa_average,*diversity
0,0.25,1.0,4.0600000000000005,0.8923999999999999
1,0.6666666666666666,1.0,4.214,1.3355
2,0.6666666666666666,1.0,4.148,1.3289
3,0.6666666666666666,1.0,4.1739999999999995,1.3315
4,0.6666666666666666,1.0,4.04,1.3318999999999999
5,0.6666666666666666,1.0,4.023999999999999,1.3335000000000001
6,0.6666666666666666,1.0,4.196,1.3336999999999999
7,0.6666666666666666,1.0,3.9840000000000004,1.3375
8,0.6666666666666666,0.8,4.084,1.2025
9,0.6666666666666666,0.8,4.166,1.2057
index,gender_rate,school_diversity,cgpa_average,*diversity
0,0.25,1.0,4.066,0.9353066666666667
1,0.6666666666666666,0.8,4.154000000000001,1.2359933333333335
2,0.6666666666666666,0.8,4.066000000000001,1.2394733333333332
3,0.6666666666666666,0.8,4.202,1.2407933333333334
4,0.6666666666666666,1.0,4.088,1.3706066666666668
5,0.6666666666666666,1.0,4.082000000000001,1.3712066666666667
6,0.6666666666666666,1.0,4.055999999999999,1.3738066666666668
7,0.6666666666666666,1.0,4.223999999999999,1.3763266666666667
8,0.6666666666666666,1.0,4.247999999999999,1.3787266666666667
9,0.6666666666666666,1.0,4.087999999999999,1.3706066666666668
index,gender_rate,school_diversity,cgpa_average,*diversity
0,0.6666666666666666,0.8,4.048,1.087459420289855
1,0.6666666666666666,1.0,4.095999999999999,1.2159927536231885
2,0.6666666666666666,1.0,4.074,1.2181927536231885
3,0.6666666666666666,1.0,4.054,1.2201927536231885
4,0.6666666666666666,1.0,4.05,1.2205927536231884
5,0.6666666666666666,1.0,4.176,1.2209927536231884
6,0.6666666666666666,1.0,4.185999999999999,1.2219927536231883
7,0.6666666666666666,1.0,4.252,1.2285927536231884
8,0.6666666666666666,0.6,4.076,0.9513260869565218
9,0.6666666666666666,0.8,4.098,1.0824594202898552
index,gender_rate,school_diversity,cgpa_average,*diversity
0,0.6666666666666666,1.0,4.069999999999999,1.2193527536231885
1,0.6666666666666666,1.0,4.034000000000001,1.2229527536231883
2,0.6666666666666666,1.0,4.026,1.2237527536231885
3,0.6666666666666666,1.0,4.212000000000001,1.2238327536231886
4,0.6666666666666666,1.0,4.024,1.2239527536231884
5,0.6666666666666666,1.0,4.228,1.2254327536231884
6,0.6666666666666666,1.0,4.104,1.2159527536231884
7,0.6666666666666666,1.0,4.142,1.2168327536231884
8,0.6666666666666666,1.0,4.151999999999999,1.2178327536231883
9,0.6666666666666666,1.0,4.194,1.2220327536231885
index,gender_rate,school_diversity,cgpa_average,*diversity
0,0.6666666666666666,1.0,4.022,1.1791460869565218
1,0.6666666666666666,1.0,4.018,1.1795460869565217
2,0.6666666666666666,1.0,4.164,1.1807060869565216
3,0.6666666666666666,1.0,4.1659999999999995,1.1809060869565216
4,0.6666666666666666,1.0,3.996,1.1817460869565217
5,0.6666666666666666,1.0,3.9799999999999995,1.1833460869565218
6,0.6666666666666666,0.8,4.114,1.0507060869565215
7,0.6666666666666666,1.0,4.116,1.1759060869565214
8,0.6666666666666666,1.0,4.13,1.1773060869565215
9,0.6666666666666666,1.0,4.146,1.1789060869565215
index,gender_rate,school_diversity,cgpa_average,*diversity
0,0.6666666666666666,1.0,4.1,1.1369933333333333
1,0.6666666666666666,1.0,4.136,1.1405933333333333
2,0.6666666666666666,1.0,3.982,1.1414733333333333
3,0.6666666666666666,1.0,4.146,1.1415933333333332
4,0.6666666666666666,1.0,4.152,1.1421933333333332
5,0.6666666666666666,1.0,4.16,1.1429933333333333
6,0.6666666666666666,1.0,3.9479999999999995,1.1448733333333334
7,0.6666666666666666,1.0,3.914,1.1482733333333333
8,0.6666666666666666,1.0,4.112,1.1381933333333332
9,0.6666666666666666,0.8,3.9840000000000004,1.00794
index,gender_rate,school_diversity,cgpa_average,*diversity
0,0.6666666666666666,1.0,4.046000000000001,1.175602222222222
1,0.6666666666666666,1.0,4.042,1.1760022222222222
2,0.6666666666666666,1.0,4.142,1.178442222222222
3,0.6666666666666666,1.0,4.006,1.179602222222222
4,0.6666666666666666,1.0,4.164,1.180642222222222
5,0.6666666666666666,1.0,4.178,1.182042222222222
6,0.6666666666666666,1.0,4.068,1.1734022222222222
7,0.6666666666666666,1.0,4.03,1.177202222222222
8,0.6666666666666666,1.0,4.1339999999999995,1.177642222222222
9,0.6666666666666666,0.8,3.9879999999999995,1.048068888888889
index,gender_rate,school_diversity,cgpa_average,*diversity
0,0.6666666666666666,1.0,4.05,1.3838194202898553
1,0.6666666666666666,1.0,4.034000000000001,1.385419420289855
2,0.6666666666666666,1.0,4.024,1.3864194202898552
3,0.6666666666666666,1.0,4.156000000000001,1.3890994202898552
4,0.6666666666666666,1.0,4.164,1.3898994202898551
5,0.6666666666666666,1.0,4.164,1.3898994202898551
6,0.6666666666666666,1.0,4.164,1.3898994202898551
7,0.6666666666666666,1.0,3.9840000000000004,1.3904194202898552
8,0.6666666666666666,0.8,4.014,1.2207527536231884
9,0.6666666666666666,0.8,4.0120000000000005,1.2209527536231883
index,gender_rate,school_diversity,cgpa_average,*diversity
0,0.6666666666666666,1.0,4.146,1.178322222222222
1,0.6666666666666666,1.0,4.15,1.178722222222222
2,0.6666666666666666,1.0,4.01,1.1797222222222221
3,0.6666666666666666,1.0,4.005999999999999,1.1801222222222223
4,0.6666666666666666,1.0,4.174,1.181122222222222
5,0.6666666666666666,1.0,4.178,1.181522222222222
6,0.6666666666666666,1.0,4.025999999999999,1.1781222222222223
7,0.6666666666666666,1.0,3.9839999999999995,1.1823222222222223
8,0.6666666666666666,1.0,4.024,1.178322222222222
9,0.6666666666666666,1.0,4.151999999999999,1.178922222222222
index,gender_rate,school_diversity,cgpa_average,*diversity
0,0.6666666666666666,1.0,4.03,1.2268012698412696
1,0.6666666666666666,1.0,4.178,1.2276812698412698
2,0.6666666666666666,1.0,4.186,1.2284812698412697
3,0.6666666666666666,1.0,4.008,1.2290012698412698
4,0.6666666666666666,1.0,4.008,1.2290012698412698
5,0.6666666666666666,1.0,3.9900000000000007,1.2308012698412696
6,0.6666666666666666,0.8,4.036,1.0833441269841269
7,0.6666666666666666,1.0,4.188000000000001,1.22868126984127
8,0.6666666666666666,1.0,4.186000000000001,1.22848126984127
9,0.6666666666666666,1.0,4.186,1.2284812698412697
index,gender_rate,school_diversity,cgpa_average,*diversity
0,0.6666666666666666,1.0,4.18,1.3680301631701628
1,0.6666666666666666,1.0,4.202,1.370230163170163
2,0.6666666666666666,1.0,4.2219999999999995,1.3722301631701628
3,0.6666666666666666,1.0,4.029999999999999,1.373310163170163
4,0.6666666666666666,1.0,4.234,1.3734301631701629
5,0.6666666666666666,1.0,4.022,1.3741101631701629
6,0.6666666666666666,1.0,4.08,1.3683101631701629
7,0.6666666666666666,0.8,4.0920000000000005,1.2132640093240092
8,0.6666666666666666,1.0,4.204,1.370430163170163
9,0.6666666666666666,1.0,4.048,1.371510163170163
index,gender_rate,school_diversity,cgpa_average,*diversity
0,0.6666666666666666,1.0,4.048,1.3533588028895769
1,0.25,1.0,4.1579999999999995,0.8810416099071207
2,0.25,1.0,3.9919999999999995,0.883081609907121
3,0.6666666666666666,1.0,4.04,1.3541588028895768
4,0.6666666666666666,1.0,4.032,1.354958802889577
5,0.6666666666666666,1.0,4.0280000000000005,1.3553588028895769
6,0.6666666666666666,1.0,4.024,1.3557588028895768
7,0.6666666666666666,1.0,4.168000000000001,1.3579188028895768
8,0.6666666666666666,1.0,4.183999999999999,1.3595188028895766
9,0.6666666666666666,0.8,4.177999999999999,1.241271744066047
index,gender_rate,school_diversity,cgpa_average,*diversity
0,0.6666666666666666,1.0,3.976,1.3757866666666667
1,0.6666666666666666,1.0,3.992,1.3741866666666667
2,0.6666666666666666,1.0,4.159999999999999,1.3759466666666667
3,0.6666666666666666,1.0,4.1659999999999995,1.3765466666666666
4,0.6666666666666666,1.0,4.178,1.3777466666666667
5,0.6666666666666666,1.0,4.184,1.3783466666666668
6,0.6666666666666666,1.0,3.936,1.3797866666666667
7,0.6666666666666666,1.0,4.029999999999999,1.3703866666666666
8,0.6666666666666666,1.0,4.022,1.3711866666666666
9,0.6666666666666666,1.0,4.0280000000000005,1.3705866666666666
index,gender_rate,school_diversity,cgpa_average,*diversity
0,0.6666666666666666,0.8,4.124,1.316151111111111
1,0.6666666666666666,1.0,4.036,1.481537777777778
2,0.6666666666666666,1.0,4.026000000000001,1.482537777777778
3,0.6666666666666666,1.0,4.132000000000001,1.483617777777778
4,0.6666666666666666,1.0,4.004,1.484737777777778
5,0.6666666666666666,1.0,3.992,1.485937777777778
6,0.6666666666666666,1.0,4.2,1.4904177777777778
7,0.6666666666666666,0.6,4.0920000000000005,1.1462844444444444
8,0.6666666666666666,0.8,4.142,1.317951111111111
9,0.6666666666666666,1.0,3.9880000000000004,1.486337777777778
index,gender_rate,school_diversity,cgpa_average,*diversity
0,0.25,1.0,4.162,1.2137883333333335
1,0.25,1.0,4.144,1.2119883333333334
2,0.25,1.0,4.145999999999999,1.2121883333333334
3,0.6666666666666666,1.0,4.154,1.83278
4,0.25,0.8,4.151999999999999,1.0461216666666666
5,0.6666666666666666,0.8,4.076,1.6583533333333331
6,0.6666666666666666,1.0,4.014,1.8312199999999998
7,0.6666666666666666,1.0,3.996,1.8330199999999999
8,0.6666666666666666,1.0,3.9620000000000006,1.8364199999999997
9,0.6666666666666666,1.0,3.9560000000000004,1.8370199999999999
index,gender_rate,school_diversity,cgpa_average,*diversity
0,0.6666666666666666,0.8,4.084,1.1446444444444446
1,0.6666666666666666,0.8,4.012,1.1518444444444444
2,0.6666666666666666,1.0,4.086,1.2694444444444444
3,0.6666666666666666,1.0,4.048,1.2732444444444444
4,0.6666666666666666,1.0,4.046,1.2734444444444444
5,0.6666666666666666,1.0,4.142,1.2750444444444442
6,0.6666666666666666,1.0,3.9859999999999998,1.2794444444444446
7,0.6666666666666666,1.0,4.238,1.2846444444444443
8,0.6666666666666666,0.8,4.106,1.1464444444444442
9,0.6666666666666666,1.0,4.112,1.2720444444444443
index,gender_rate,school_diversity,cgpa_average,*diversity
0,0.25,1.0,3.9939999999999998,0.9153133333333335
1,0.6666666666666666,0.8,4.036,1.1805577777777778
2,0.6666666666666666,0.8,4.01,1.183157777777778
3,0.6666666666666666,1.0,4.048,1.3126911111111113
4,0.6666666666666666,1.0,4.138,1.318531111111111
5,0.6666666666666666,1.0,4.144,1.319131111111111
6,0.6666666666666666,1.0,4.145999999999999,1.319331111111111
7,0.6666666666666666,1.0,4.156,1.3203311111111111
8,0.6666666666666666,1.0,3.9579999999999997,1.3216911111111111
9,0.6666666666666666,0.8,4.008,1.183357777777778
index,gender_rate,school_diversity,cgpa_average,*diversity
0,0.6666666666666666,1.0,4.1739999999999995,2.5866213151927395
1,0.6666666666666666,0.6,4.058,3.704018912529593
2,0.6666666666666666,0.8,4.093999999999999,63.677777777784655
3,0.25,0.8,4.0920000000000005,28.55277777778769
4,0.25,0.8,4.08,7.185256410256752
5,0.6666666666666666,1.0,4.09,19.168253968255936
6,0.6666666666666666,0.8,4.1,23.905050505048422
7,0.6666666666666666,0.8,4.092,28.955555555558615
8,0.6666666666666666,1.0,4.08,7.7213675213678625
9,0.6666666666666666,0.6,4.096,251.04444444391686
index,gender_rate,school_diversity,cgpa_average,*diversity
0,0.6666666666666666,1.0,4.178,2.76045751633988
1,0.6666666666666666,1.0,4.174,2.8795051353874865
2,0.25,0.8,4.081999999999999,3.4379493464051234
3,0.6666666666666666,1.0,4.084,4.034967320261377
4,0.6666666666666666,0.8,4.096000000000001,5.521598336304352
5,0.6666666666666666,0.8,4.1259999999999994,13.47614379085105
6,0.25,1.0,4.101999999999999,7.027818627450628
7,0.6666666666666666,1.0,4.122,26.09379084967596
8,0.6666666666666666,0.8,4.116,50.976143790832985
9,0.6666666666666666,0.8,4.1,6.531699346405018
index,gender_rate,school_diversity,cgpa_average,*diversity
0,0.6666666666666666,1.0,4.16,2.701931526962809
1,0.6666666666666666,0.6,4.056,3.5646816175304155
2,0.6666666666666666,1.0,4.058,3.94460562728356
3,0.6666666666666666,1.0,4.106,9.656750959243459
4,0.25,1.0,4.103999999999999,11.015044199498643
5,0.6666666666666666,1.0,4.088,17.31120694612218
6,0.25,1.0,4.095999999999999,56.3665181224203
7,0.25,1.0,4.086,13.006084518065114
8,0.6666666666666666,0.8,4.093999999999999,501.0645276281783
9,0.6666666666666666,1.0,4.093999999999999,501.18217468700186
index,gender_rate,school_diversity,cgpa_average,*diversity
0,0.6666666666666666,0.8,4.154,3.1739130434782066
1,0.6666666666666666,1.0,4.078,4.466666666666837
2,0.6666666666666666,1.0,4.078,4.466666666666837
3,0.6666666666666666,0.6,4.1240000000000006,7.116666666665967
4,0.6666666666666666,0.8,4.101999999999999,17.6666666666685
5,0.25,1.0,4.119999999999999,9.174999999999685
6,0.6666666666666666,1.0,4.110000000000001,51.133333333272226
7,0.6666666666666666,1.0,4.109999999999999,51.13333333331664
8,0.25,0.6,4.096,8.90833333333425
9,0.6666666666666666,1.0,4.108,112589990684263.55
index,gender_rate,school_diversity,cgpa_average,*diversity
0,0.6666666666666666,1.0,4.112,9.73518233179248
1,0.6666666666666666,1.0,4.098,46.71515151514735
2,0.6666666666666666,1.0,4.098000000000001,46.7151515151657
3,0.6666666666666666,1.0,4.098000000000001,46.7151515151657
4,0.6666666666666666,0.8,4.102,56.6828282828207
5,0.6666666666666666,0.8,4.102,56.6828282828207
6,0.6666666666666666,0.8,4.0840000000000005,7.30011223344574
7,0.25,1.0,4.1000000000000005,500.8893939405593
8,0.6666666666666666,1.0,4.1,501.26060605955087
9,0.6666666666666666,1.0,4.108,14.081118881119565
index,gender_rate,school_diversity,cgpa_average,*diversity
0,0.6666666666666666,1.0,4.162,2.8277777777778086
1,0.6666666666666666,0.6,4.058,2.9968390804597185
2,0.6666666666666666,0.8,4.072,4.053086419753003
3,0.25,1.0,4.074,4.089473684210408
4,0.6666666666666666,1.0,4.13,4.997916666666826
5,0.6666666666666666,1.0,4.1240000000000006,6.193707482993298
6,0.25,1.0,4.106,63.30000000004158
7,0.25,0.8,4.102,42.34166666665583
8,0.25,0.6,4.112,13.707894736843555
9,0.6666666666666666,1.0,4.104,251.09166666613908
index,gender_rate,school_diversity,cgpa_average,*diversity
0,0,1.0,4.042,4.651293588301002
1,0.6666666666666666,1.0,4.08,9.350793650795364
2,0.6666666666666666,1.0,4.078,10.848247978438883
3,0.6666666666666666,0.8,4.058,11.909726443765646
4,0.25,1.0,4.058,11.61508358662279
5,0.25,1.0,4.064,30.388550420144416
6,0.6666666666666666,1.0,4.07,39.875824175861254
7,0.6666666666666666,1.0,4.0840000000000005,7.438382099828708
8,0.6666666666666666,1.0,4.056,10.186215538845008
9,0.6666666666666666,0.8,4.0840000000000005,7.295524956971565
index,gender_rate,school_diversity,cgpa_average,*diversity
0,0.6666666666666666,1.0,4.058,4.054532163742595
1,0.6666666666666666,1.0,4.12,4.727677857713938
2,0.6666666666666666,1.0,4.07,5.635060060059926
3,0.6666666666666666,1.0,4.114,5.717711518858533
4,0.6666666666666666,0.8,4.1080000000000005,7.334669479606352
5,0.25,0.8,4.096,27.00537280702352
6,0.6666666666666666,0.8,4.093999999999999,56.56111111115835
7,0.6666666666666666,0.8,4.093999999999999,56.56111111115835
8,0.6666666666666666,1.0,4.075999999999999,7.303395061727552
9,0.6666666666666666,0.8,4.092,501.00555555227993
index,gender_rate,school_diversity,cgpa_average,*diversity
0,0.6666666666666666,1.0,4.142,3.004890131014716
1,0.6666666666666666,1.0,4.044,3.762348513840968
2,0.6666666666666666,0.8,4.074,10.924861739566568
3,0.25,0.8,4.076,13.000089899935501
4,0.6666666666666666,0.8,4.090000000000001,18.362319481285574
5,0.6666666666666666,1.0,4.082,46.72933177930926
6,0.6666666666666666,0.6,4.086,56.5226495726694
7,0.25,0.8,4.096,9.279544219905004
8,0.6666666666666666,0.8,4.068,7.293779677112505
9,0.6666666666666666,0.6,4.084,500.96709401381844
index,gender_rate,school_diversity,cgpa_average,*diversity
0,0.6666666666666666,1.0,4.040000000000001,5.0471177944863825
1,0.25,1.0,4.088,5.9998120300750735
2,0.6666666666666666,1.0,4.082,8.618546365914668
3,0.25,1.0,4.0600000000000005,13.499812030076566
4,0.25,0.6,4.064,25.71409774436366
5,0.6666666666666666,0.8,4.0600000000000005,13.832832080201879
6,0.25,1.0,4.07,50.9998120300585
7,0.6666666666666666,0.8,4.07,51.33283208018381
8,0.25,0.8,4.078,10.85695488721737
9,0.6666666666666666,1.0,4.0680000000000005,112589990684263.88
index,gender_rate,school_diversity,cgpa_average,*diversity
0,0.6666666666666666,0.8,4.148000000000001,2.543209876543232
1,0.6666666666666666,1.0,4.038,3.3457227138642462
2,0.6666666666666666,1.0,4.069999999999999,8.709090909089705
3,0.6666666666666666,1.0,4.0920000000000005,12.496969696970949
4,0.25,1.0,4.078,20.072435897431447
5,0.6666666666666666,1.0,4.066,6.947286821704866
6,0.6666666666666666,0.8,4.086,36.71428571430098
7,0.6666666666666666,1.0,4.086,36.84761904763431
8,0.6666666666666666,1.0,4.082,84.4666666665525
9,0.6666666666666666,0.8,4.086,36.71428571430098
index,gender_rate,school_diversity,cgpa_average,*diversity
0,0.25,1.0,4.1,1.0078933333333333
1,0.6666666666666666,1.0,4.128,1.407871111111111
2,0.6666666666666666,1.0,4.066,1.4081511111111111
3,0.6666666666666666,1.0,4.066,1.4081511111111111
4,0.6666666666666666,1.0,4.112,1.4094711111111111
5,0.6666666666666666,1.0,4.098000000000001,1.410871111111111
6,0.6666666666666666,1.0,4.093999999999999,1.410951111111111
7,0.6666666666666666,1.0,4.145999999999999,1.406071111111111
8,0.6666666666666666,1.0,4.05,1.406551111111111
9,0.6666666666666666,1.0,4.095999999999999,1.4110711111111112
index,gender_rate,school_diversity,cgpa_average,*diversity
0,0.6666666666666666,0.8,4.101999999999999,1.0745437908496729
1,0.6666666666666666,1.0,4.087999999999999,1.1907908496732025
2,0.6666666666666666,1.0,4.101999999999999,1.1921908496732023
3,0.6666666666666666,1.0,4.116,1.1935908496732024
4,0.6666666666666666,1.0,4.119999999999999,1.1935908496732026
5,0.6666666666666666,1.0,4.12,1.1935908496732026
6,0.6666666666666666,1.0,4.117999999999999,1.1937908496732024
7,0.6666666666666666,1.0,4.118,1.1937908496732026
8,0.6666666666666666,0.8,4.186,1.069343790849673
9,0.6666666666666666,0.8,4.11,1.075343790849673
index,gender_rate,school_diversity,cgpa_average,*diversity
0,0.6666666666666666,1.0,4.1259999999999994,1.278994688057041
1,0.6666666666666666,1.0,4.08,1.280754688057041
2,0.6666666666666666,1.0,4.086,1.281354688057041
3,0.6666666666666666,1.0,4.09,1.281754688057041
4,0.6666666666666666,1.0,4.0920000000000005,1.281954688057041
5,0.6666666666666666,1.0,4.093999999999999,1.282154688057041
6,0.6666666666666666,1.0,4.134,1.278194688057041
7,0.6666666666666666,1.0,4.087999999999999,1.281554688057041
8,0.6666666666666666,0.8,4.088,1.1639076292335115
9,0.6666666666666666,1.0,4.064,1.279154688057041
index,gender_rate,school_diversity,cgpa_average,*diversity
0,0.6666666666666666,1.0,4.029999999999999,1.2255333333333334
1,0.6666666666666666,1.0,4.146,1.2295333333333331
2,0.6666666666666666,1.0,4.14,1.2301333333333333
3,0.6666666666666666,1.0,4.0920000000000005,1.2317333333333336
4,0.6666666666666666,1.0,4.118,1.232333333333333
5,0.6666666666666666,1.0,4.101999999999999,1.2327333333333335
6,0.6666666666666666,1.0,4.109999999999999,1.2331333333333332
7,0.6666666666666666,1.0,4.106,1.2331333333333334
8,0.6666666666666666,1.0,4.1,1.2325333333333335
9,0.6666666666666666,1.0,4.136,1.2305333333333333
index,gender_rate,school_diversity,cgpa_average,*diversity
0,0.6666666666666666,1.0,4.0920000000000005,1.3597860606060608
1,0.6666666666666666,1.0,4.108,1.3598260606060608
2,0.6666666666666666,1.0,4.106,1.3600260606060608
3,0.6666666666666666,1.0,4.096,1.3601860606060607
4,0.6666666666666666,1.0,4.104,1.3602260606060608
5,0.6666666666666666,1.0,4.102,1.3604260606060607
6,0.6666666666666666,1.0,4.101999999999999,1.3604260606060607
7,0.6666666666666666,1.0,4.1,1.3605860606060607
8,0.6666666666666666,0.8,4.112,1.2260927272727273
9,0.6666666666666666,1.0,4.08,1.3585860606060607
index,gender_rate,school_diversity,cgpa_average,*diversity
0,0.6666666666666666,1.0,4.093999999999999,1.1906266666666665
1,0.6666666666666666,1.0,4.098,1.1910266666666665
2,0.6666666666666666,1.0,4.1,1.1912266666666664
3,0.6666666666666666,1.0,4.108,1.1913066666666667
4,0.6666666666666666,1.0,4.106,1.1915066666666667
5,0.6666666666666666,1.0,4.106,1.1915066666666667
6,0.6666666666666666,1.0,4.106,1.1915066666666667
7,0.6666666666666666,1.0,4.106,1.1915066666666667
8,0.6666666666666666,1.0,4.1259999999999994,1.1895066666666667
9,0.6666666666666666,1.0,4.093999999999999,1.1906266666666665
index,gender_rate,school_diversity,cgpa_average,*diversity
0,0.6666666666666666,1.0,4.096,1.5114257142857144
1,0.6666666666666666,0.8,4.08,1.3701685714285716
2,0.6666666666666666,1.0,4.05,1.512545714285714
3,0.6666666666666666,1.0,4.052,1.512745714285714
4,0.6666666666666666,1.0,4.0760000000000005,1.5134257142857144
5,0.6666666666666666,1.0,4.0600000000000005,1.5135457142857138
6,0.6666666666666666,1.0,4.07,1.5140257142857143
7,0.6666666666666666,1.0,4.065999999999999,1.5141457142857138
8,0.6666666666666666,1.0,4.068,1.5142257142857145
9,0.25,1.0,4.056,1.0756457142857139
index,gender_rate,school_diversity,cgpa_average,*diversity
0,0.6666666666666666,1.0,4.0760000000000005,1.2289355555555554
1,0.6666666666666666,1.0,4.1,1.2297755555555556
2,0.6666666666666666,1.0,4.098,1.2299755555555556
3,0.6666666666666666,1.0,4.096,1.2301755555555556
4,0.6666666666666666,1.0,4.095999999999999,1.2301755555555558
5,0.6666666666666666,1.0,4.0920000000000005,1.2305355555555555
6,0.6666666666666666,1.0,4.055999999999999,1.2269355555555554
7,0.6666666666666666,1.0,4.1419999999999995,1.2255755555555556
8,0.6666666666666666,1.0,4.05,1.2263355555555555
9,0.6666666666666666,1.0,4.116,1.2281755555555556
index,gender_rate,school_diversity,cgpa_average,*diversity
0,0.6666666666666666,1.0,4.013999999999999,1.3677663247863245
1,0.6666666666666666,1.0,4.14,1.3692063247863249
2,0.6666666666666666,1.0,4.058,1.3721663247863245
3,0.6666666666666666,1.0,4.096,1.3736063247863248
4,0.6666666666666666,1.0,4.096,1.3736063247863248
5,0.6666666666666666,1.0,4.09,1.3742063247863248
6,0.6666666666666666,1.0,4.0840000000000005,1.3747663247863247
7,0.6666666666666666,1.0,4.0840000000000005,1.3747663247863247
8,0.6666666666666666,0.8,4.084,1.220920170940171
9,0.6666666666666666,0.8,4.096,1.219760170940171
index,gender_rate,school_diversity,cgpa_average,*diversity
0,0.25,1.0,4.114,1.095212030075188
1,0.6666666666666666,1.0,4.06,1.574889223057644
2,0.6666666666666666,1.0,4.093999999999999,1.5730892230576439
3,0.6666666666666666,1.0,4.078,1.574689223057644
4,0.6666666666666666,1.0,4.058000000000001,1.5746892230576441
5,0.6666666666666666,1.0,4.0600000000000005,1.5748892230576441
6,0.6666666666666666,1.0,4.061999999999999,1.5750892230576439
7,0.6666666666666666,1.0,4.064,1.575289223057644
8,0.6666666666666666,0.6,4.038,1.2869749373433583
9,0.6666666666666666,0.8,4.052,1.4312320802005012
index,gender_rate,school_diversity,cgpa_average,*diversity
0,0.6666666666666666,1.0,4.162,1.2254533333333335
1,0.6666666666666666,1.0,4.061999999999999,1.231213333333333
2,0.6666666666666666,1.0,4.09,1.2326533333333334
3,0.6666666666666666,1.0,4.087999999999999,1.2328533333333336
4,0.6666666666666666,1.0,4.08,1.233013333333333
5,0.6666666666666666,1.0,4.082,1.233213333333333
6,0.6666666666666666,1.0,4.0840000000000005,1.2332533333333333
7,0.6666666666666666,1.0,4.084,1.2332533333333335
8,0.6666666666666666,1.0,4.03,1.2280133333333332
9,0.6666666666666666,1.0,4.07,1.2320133333333332
index,gender_rate,school_diversity,cgpa_average,*diversity
0,0.6666666666666666,1.0,4.0840000000000005,1.5142857142857142
1,0.25,1.0,4.054,1.0737857142857141
2,0.6666666666666666,0.8,4.0920000000000005,1.3706285714285713
3,0.6666666666666666,1.0,4.066,1.512485714285714
4,0.6666666666666666,1.0,4.093999999999999,1.5132857142857143
5,0.6666666666666666,1.0,4.078,1.513685714285714
6,0.6666666666666666,1.0,4.082,1.514085714285714
7,0.6666666666666666,1.0,4.084,1.514285714285714
8,0.6666666666666666,0.8,4.114,1.3684285714285713
9,0.6666666666666666,0.8,4.092,1.3706285714285715
index,gender_rate,school_diversity,cgpa_average,*diversity
0,0.6666666666666666,1.0,4.0360000000000005,1.3584918012422362
1,0.6666666666666666,1.0,4.056,1.3604918012422362
2,0.6666666666666666,1.0,4.0840000000000005,1.360931801242236
3,0.6666666666666666,1.0,4.084,1.360931801242236
4,0.6666666666666666,1.0,4.074,1.3619318012422361
5,0.6666666666666666,1.0,4.072,1.362091801242236
6,0.6666666666666666,0.8,4.11,1.2154746583850933
7,0.6666666666666666,0.8,4.093999999999999,1.2170746583850933
8,0.6666666666666666,1.0,4.042,1.3590918012422362
9,0.6666666666666666,0.8,4.07,1.2190346583850933
index,gender_rate,school_diversity,cgpa_average,*diversity
0,0.25,1.0,4.087999999999999,0.9864600000000001
1,0.6666666666666666,1.0,4.088,1.42396
2,0.6666666666666666,1.0,4.072,1.42444
3,0.6666666666666666,1.0,4.072,1.42444
4,0.6666666666666666,1.0,4.082000000000001,1.4245599999999998
5,0.6666666666666666,1.0,4.08,1.42476
6,0.6666666666666666,1.0,4.078,1.42496
7,0.6666666666666666,0.6,4.086,1.1741599999999999
8,0.6666666666666666,1.0,4.058,1.4230399999999999
9,0.6666666666666666,1.0,4.072,1.42444
index,gender_rate,school_diversity,cgpa_average,*diversity
0,0.6666666666666666,1.0,4.076,1.3133527536231884
1,0.6666666666666666,1.0,4.094,1.3138327536231884
2,0.6666666666666666,1.0,4.0920000000000005,1.3140327536231884
3,0.6666666666666666,1.0,4.086,1.3143527536231885
4,0.6666666666666666,1.0,4.088,1.3144327536231886
5,0.6666666666666666,1.0,4.088,1.3144327536231886
6,0.6666666666666666,0.8,4.040000000000001,1.1764194202898552
7,0.6666666666666666,1.0,4.101999999999999,1.3130327536231885
8,0.6666666666666666,1.0,4.087999999999999,1.3144327536231886
9,0.6666666666666666,1.0,4.119999999999999,1.3112327536231885
index,gender_rate,school_diversity,cgpa_average,*diversity
0,0.25,1.0,4.148000000000001,0.98326
1,0.6666666666666666,1.0,4.109999999999999,1.42456
2,0.6666666666666666,1.0,4.088,1.4232399999999998
3,0.6666666666666666,1.0,4.1,1.42444
4,0.6666666666666666,1.0,4.1,1.42444
5,0.6666666666666666,1.0,4.102,1.42464
6,0.6666666666666666,1.0,4.108,1.42476
7,0.6666666666666666,1.0,4.106,1.42496
8,0.6666666666666666,1.0,4.072,1.4216399999999998
9,0.6666666666666666,0.8,4.122,1.29836
index,gender_rate,school_diversity,cgpa_average,*diversity
0,0.6666666666666666,1.0,4.032000000000001,1.4060251082251085
1,0.6666666666666666,1.0,4.032000000000001,1.4060251082251085
2,0.6666666666666666,1.0,4.042,1.4070251082251084
3,0.6666666666666666,1.0,4.064000000000001,1.407225108225108
4,0.6666666666666666,1.0,4.061999999999999,1.4074251082251081
5,0.6666666666666666,1.0,4.045999999999999,1.4074251082251084
6,0.6666666666666666,1.0,4.058,1.407825108225108
7,0.6666666666666666,1.0,4.054,1.408225108225108
8,0.6666666666666666,1.0,4.0840000000000005,1.405225108225108
9,0.6666666666666666,1.0,4.066000000000001,1.407025108225108
index,gender_rate,school_diversity,cgpa_average,*diversity
0,0.25,1.0,4.036,1.1008525490196077
1,0.25,1.0,4.078,1.1050525490196077
2,0.25,0.8,4.086,0.9725192156862744
3,0.6666666666666666,1.0,4.072000000000001,1.6706290196078433
4,0.6666666666666666,0.8,4.192,1.5291356862745102
5,0.6666666666666666,1.0,4.114000000000001,1.6702690196078434
6,0.6666666666666666,1.0,4.074,1.6708290196078432
7,0.6666666666666666,1.0,4.076,1.6710290196078432
8,0.6666666666666666,1.0,4.098000000000001,1.6718690196078434
9,0.6666666666666666,1.0,4.086,1.6720290196078431
index,gender_rate,school_diversity,cgpa_average,*diversity
0,0.6666666666666666,0.8,4.106,1.2181346583850934
1,0.6666666666666666,1.0,4.0680000000000005,1.3594318012422362
2,0.6666666666666666,1.0,4.07,1.3596318012422361
3,0.6666666666666666,1.0,4.0920000000000005,1.3618318012422361
4,0.6666666666666666,1.0,4.096,1.361991801242236
5,0.6666666666666666,1.0,4.093999999999999,1.362031801242236
6,0.6666666666666666,1.0,4.093999999999999,1.362031801242236
7,0.6666666666666666,1.0,4.093999999999999,1.362031801242236
8,0.6666666666666666,1.0,4.1259999999999994,1.3589918012422362
9,0.6666666666666666,0.8,4.108,1.2179346583850934
index,gender_rate,school_diversity,cgpa_average,*diversity
0,0.6666666666666666,1.0,4.078,1.270002222222222
1,0.6666666666666666,1.0,4.116,1.270642222222222
2,0.6666666666666666,1.0,4.092,1.271402222222222
3,0.6666666666666666,1.0,4.098,1.272002222222222
4,0.6666666666666666,1.0,4.102,1.272042222222222
5,0.6666666666666666,1.0,4.1,1.272202222222222
6,0.6666666666666666,0.6,4.093999999999999,1.0049355555555555
7,0.6666666666666666,1.0,4.166,1.2656422222222221
8,0.6666666666666666,1.0,4.056,1.267802222222222
9,0.6666666666666666,1.0,4.1,1.272202222222222
index,gender_rate,school_diversity,cgpa_average,*diversity
0,0.25,0.8,4.084,0.9754246153846153
1,0.6666666666666666,0.8,4.093999999999999,1.4139246153846152
2,0.6666666666666666,1.0,4.122,1.567890769230769
3,0.6666666666666666,1.0,4.101999999999999,1.568570769230769
4,0.6666666666666666,1.0,4.112,1.5688907692307692
5,0.6666666666666666,1.0,4.106,1.568970769230769
6,0.6666666666666666,1.0,4.11,1.5690907692307692
7,0.6666666666666666,1.0,4.194000000000001,1.560690769230769
8,0.6666666666666666,1.0,4.064,1.564770769230769
9,0.6666666666666666,1.0,4.098,1.5681707692307691
index,gender_rate,school_diversity,cgpa_average,*diversity
0,0.25,1.0,4.088,1.0064933333333335
1,0.6666666666666666,0.8,4.108,1.2776177777777777
2,0.6666666666666666,1.0,4.151999999999999,1.406551111111111
3,0.6666666666666666,1.0,4.061999999999999,1.406671111111111
4,0.6666666666666666,1.0,4.101999999999999,1.410671111111111
5,0.6666666666666666,1.0,4.11,1.410751111111111
6,0.6666666666666666,1.0,4.1080000000000005,1.410951111111111
7,0.6666666666666666,0.8,4.114,1.2770177777777778
8,0.6666666666666666,1.0,4.144,1.407351111111111
9,0.6666666666666666,1.0,4.0760000000000005,1.4080711111111113
index,gender_rate,school_diversity,cgpa_average,*diversity
0,0.6666666666666666,1.0,4.074,1.3582860606060607
1,0.6666666666666666,1.0,4.106,1.3597260606060608
2,0.6666666666666666,1.0,4.101999999999999,1.3601260606060608
3,0.6666666666666666,1.0,4.093999999999999,1.3602860606060607
4,0.6666666666666666,1.0,4.093999999999999,1.3602860606060607
5,0.6666666666666666,1.0,4.098000000000001,1.3605260606060607
6,0.6666666666666666,1.0,4.098,1.3605260606060607
7,0.6666666666666666,1.0,4.098000000000001,1.3605260606060607
8,0.6666666666666666,1.0,4.064,1.3572860606060608
9,0.6666666666666666,1.0,4.144,1.3559260606060608
index,gender_rate,school_diversity,cgpa_average,*diversity
0,0.6666666666666666,1.0,4.156000000000001,1.3708863247863248
1,0.6666666666666666,1.0,4.156,1.3708863247863248
2,0.6666666666666666,1.0,4.128,1.3736863247863247
3,0.6666666666666666,1.0,4.1240000000000006,1.3740863247863246
4,0.6666666666666666,1.0,4.122,1.3742863247863248
5,0.6666666666666666,1.0,4.1160000000000005,1.3746863247863246
6,0.6666666666666666,1.0,4.140000000000001,1.3724863247863248
7,0.6666666666666666,0.8,4.034,1.2126401709401708
8,0.6666666666666666,1.0,4.086,1.3716863247863247
9,0.6666666666666666,1.0,4.108,1.3738863247863247
index,gender_rate,school_diversity,cgpa_average,*diversity
0,0.6666666666666666,1.0,4.0920000000000005,1.3116927536231884
1,0.6666666666666666,1.0,4.108,1.3132927536231884
2,0.6666666666666666,1.0,4.109999999999999,1.3134927536231884
3,0.6666666666666666,1.0,4.114,1.3138927536231884
4,0.6666666666666666,1.0,4.124,1.3140927536231886
5,0.6666666666666666,1.0,4.122,1.3142927536231885
6,0.6666666666666666,1.0,4.15,1.3114927536231884
7,0.6666666666666666,0.8,4.184,1.174759420289855
8,0.6666666666666666,1.0,4.12,1.3144927536231885
9,0.6666666666666666,1.0,4.076,1.3100927536231883
index,gender_rate,school_diversity,cgpa_average,*diversity
0,0.6666666666666666,1.0,4.05,1.4068851082251084
1,0.6666666666666666,1.0,4.056,1.4074851082251083
2,0.6666666666666666,1.0,4.0680000000000005,1.407765108225108
3,0.6666666666666666,1.0,4.0600000000000005,1.4078851082251083
4,0.6666666666666666,1.0,4.06,1.4078851082251083
5,0.6666666666666666,1.0,4.061999999999999,1.4080851082251082
6,0.6666666666666666,0.8,4.04,1.2630279653679655
7,0.6666666666666666,1.0,4.15,1.399565108225108
8,0.6666666666666666,0.8,4.088,1.2629079653679653
9,0.6666666666666666,1.0,3.999999999999999,1.4018851082251083
index,gender_rate,school_diversity,cgpa_average,*diversity
0,0.6666666666666666,1.0,4.056,1.270122222222222
1,0.6666666666666666,1.0,4.086,1.271322222222222
2,0.6666666666666666,1.0,4.086,1.271322222222222
3,0.6666666666666666,1.0,4.07,1.271522222222222
4,0.6666666666666666,1.0,4.082,1.2717222222222222
5,0.6666666666666666,1.0,4.08,1.2719222222222222
6,0.6666666666666666,1.0,4.0760000000000005,1.272122222222222
7,0.6666666666666666,1.0,4.076,1.272122222222222
8,0.6666666666666666,1.0,4.052,1.269722222222222
9,0.6666666666666666,0.8,4.106,1.135988888888889
index,gender_rate,school_diversity,cgpa_average,*diversity
0,0.6666666666666666,1.0,4.036,1.5113152136752137
1,0.6666666666666666,1.0,4.072,1.5124352136752135
2,0.6666666666666666,1.0,4.07,1.5126352136752135
3,0.6666666666666666,1.0,4.055999999999999,1.5133152136752135
4,0.6666666666666666,1.0,4.056,1.5133152136752137
5,0.6666666666666666,1.0,4.058,1.5135152136752137
6,0.6666666666666666,1.0,4.022,1.5099152136752136
7,0.6666666666666666,1.0,4.1240000000000006,1.5072352136752134
8,0.6666666666666666,1.0,4.04,1.5117152136752137
9,0.6666666666666666,0.8,4.062,1.3595890598290596
index,gender_rate,school_diversity,cgpa_average,*diversity
0,0.6666666666666666,1.0,4.101999999999999,1.359571801242236
1,0.6666666666666666,1.0,4.058,1.3602518012422362
2,0.6666666666666666,1.0,4.090000000000001,1.3607718012422358
3,0.6666666666666666,1.0,4.066000000000001,1.3610518012422363
4,0.6666666666666666,1.0,4.086,1.3611718012422358
5,0.6666666666666666,1.0,4.078,1.361971801242236
6,0.6666666666666666,1.0,4.122,1.357571801242236
7,0.6666666666666666,1.0,4.045999999999999,1.3590518012422361
8,0.6666666666666666,1.0,4.054,1.3598518012422363
9,0.6666666666666666,1.0,4.063999999999999,1.3608518012422361
index,gender_rate,school_diversity,cgpa_average,*diversity
0,0.6666666666666666,1.0,4.048,1.2769523809523808
1,0.6666666666666666,1.0,4.066,1.2787523809523809
2,0.6666666666666666,1.0,4.074,1.2795523809523808
3,0.6666666666666666,1.0,4.098000000000001,1.279952380952381
4,0.6666666666666666,1.0,4.096,1.2801523809523812
5,0.6666666666666666,1.0,4.082,1.280352380952381
6,0.6666666666666666,1.0,4.082,1.280352380952381
7,0.6666666666666666,1.0,4.094,1.2803523809523811
8,0.6666666666666666,1.0,4.061999999999999,1.278352380952381
9,0.6666666666666666,1.0,4.178,1.2719523809523812
index,gender_rate,school_diversity,cgpa_average,*diversity
0,0.6666666666666666,1.0,4.061999999999999,1.5272301754385964
1,0.25,0.8,4.082000000000001,0.9176996491228069
2,0.6666666666666666,1.0,4.098000000000001,1.5253101754385963
3,0.6666666666666666,1.0,4.0840000000000005,1.5267101754385963
4,0.6666666666666666,1.0,4.058,1.5268301754385964
5,0.6666666666666666,1.0,4.08,1.5271101754385965
6,0.6666666666666666,1.0,4.061999999999999,1.5272301754385964
7,0.6666666666666666,1.0,4.0680000000000005,1.5278301754385966
8,0.6666666666666666,1.0,4.055999999999999,1.5266301754385965
9,0.6666666666666666,1.0,4.054,1.5264301754385965
index,gender_rate,school_diversity,cgpa_average,*diversity
0,0.6666666666666666,1.0,4.056,1.1898466666666665
1,0.6666666666666666,1.0,4.0920000000000005,1.1898866666666665
2,0.6666666666666666,1.0,4.087999999999999,1.1902866666666667
3,0.6666666666666666,1.0,4.066,1.1908466666666664
4,0.6666666666666666,1.0,4.081999999999999,1.1908866666666669
5,0.6666666666666666,1.0,4.068,1.1910466666666664
6,0.6666666666666666,1.0,4.078,1.1912866666666666
7,0.6666666666666666,1.0,4.072,1.1914466666666665
8,0.6666666666666666,1.0,4.09,1.1900866666666667
9,0.6666666666666666,0.8,4.05,1.0642466666666663
index,gender_rate,school_diversity,cgpa_average,*diversity
0,0.25,1.0,4.066000000000001,1.0755177777777778
1,0.25,0.8,4.110000000000001,0.9423044444444445
2,0.6666666666666666,0.8,4.128,1.459022962962963
3,0.6666666666666666,1.0,4.066000000000001,1.5940362962962962
4,0.6666666666666666,1.0,4.074000000000001,1.5948362962962963
5,0.6666666666666666,1.0,4.08,1.5954362962962962
6,0.6666666666666666,1.0,4.094,1.5957562962962963
7,0.6666666666666666,1.0,4.090000000000001,1.5961562962962963
8,0.6666666666666666,1.0,4.090000000000001,1.5961562962962963
9,0.6666666666666666,1.0,4.088,1.5962362962962962
index,gender_rate,school_diversity,cgpa_average,*diversity
0,0.6666666666666666,0.8,4.0840000000000005,1.181039420289855
1,0.6666666666666666,1.0,4.023999999999999,1.3086127536231884
2,0.6666666666666666,1.0,4.063999999999999,1.3126127536231884
3,0.6666666666666666,1.0,4.078,1.3140127536231885
4,0.6666666666666666,1.0,4.08,1.3142127536231885
5,0.6666666666666666,1.0,4.082,1.3144127536231884
6,0.6666666666666666,0.8,4.096,1.179839420289855
7,0.6666666666666666,0.8,4.194,1.1700394202898552
8,0.6666666666666666,1.0,4.029999999999999,1.3092127536231883
9,0.6666666666666666,1.0,4.096,1.3131727536231883
index,gender_rate,school_diversity,cgpa_average,*diversity
0,0.6666666666666666,1.0,4.108,1.5099152136752136
1,0.6666666666666666,1.0,4.042,1.5108352136752135
2,0.6666666666666666,1.0,4.09,1.5117152136752137
3,0.6666666666666666,1.0,4.08,1.5127152136752136
4,0.6666666666666666,1.0,4.078,1.5129152136752135
5,0.6666666666666666,1.0,4.076,1.5131152136752135
6,0.6666666666666666,1.0,4.076,1.5131152136752135
7,0.6666666666666666,1.0,4.069999999999999,1.5136352136752134
8,0.25,1.0,4.036,1.1074574358974358
9,0.6666666666666666,0.8,4.048,1.3575890598290599
index,gender_rate,school_diversity,cgpa_average,*diversity
0,0.6666666666666666,0.8,4.0840000000000005,1.2190546583850934
1,0.6666666666666666,1.0,4.122,1.3581118012422362
2,0.6666666666666666,1.0,4.068,1.360711801242236
3,0.6666666666666666,1.0,4.09,1.3613118012422363
4,0.6666666666666666,1.0,4.076,1.361511801242236
5,0.6666666666666666,1.0,4.086,1.3617118012422362
6,0.6666666666666666,0.8,4.096,1.2178546583850933
7,0.6666666666666666,0.8,4.08,1.2190546583850932
8,0.6666666666666666,0.6,4.093999999999999,1.0751975155279505
9,0.6666666666666666,0.8,4.024,1.2134546583850931
index,gender_rate,school_diversity,cgpa_average,*diversity
0,0.6666666666666666,1.0,4.122,1.3314974358974359
1,0.6666666666666666,1.0,4.0920000000000005,1.3344974358974357
2,0.6666666666666666,1.0,4.074000000000001,1.3354974358974359
3,0.6666666666666666,1.0,4.082,1.3354974358974359
4,0.6666666666666666,1.0,4.082,1.3354974358974359
5,0.6666666666666666,1.0,4.076,1.3356974358974356
6,0.6666666666666666,0.8,4.1579999999999995,1.174051282051282
7,0.6666666666666666,1.0,3.9899999999999998,1.3270974358974357
8,0.6666666666666666,1.0,4.084,1.3352974358974359
9,0.6666666666666666,0.8,4.0200000000000005,1.176251282051282
index,gender_rate,school_diversity,cgpa_average,*diversity
0,0.6666666666666666,1.0,4.077999999999999,1.5116352136752136
1,0.6666666666666666,1.0,4.06,1.5134352136752136
2,0.6666666666666666,1.0,4.056,1.5135152136752135
3,0.6666666666666666,1.0,4.056,1.5135152136752135
4,0.6666666666666666,1.0,4.058,1.5136352136752136
5,0.6666666666666666,1.0,4.058,1.5136352136752136
6,0.6666666666666666,0.6,4.052,1.2054229059829058
7,0.6666666666666666,0.8,4.042,1.3582690598290597
8,0.6666666666666666,1.0,4.0600000000000005,1.5134352136752136
9,0.6666666666666666,1.0,4.056,1.5135152136752135
index,gender_rate,school_diversity,cgpa_average,*diversity
0,0.25,1.0,4.078,1.098472030075188
1,0.6666666666666666,1.0,4.075999999999999,1.5741492230576437
2,0.6666666666666666,1.0,4.058,1.572349223057644
3,0.6666666666666666,1.0,4.104,1.574429223057644
4,0.6666666666666666,1.0,4.08,1.5745492230576439
5,0.6666666666666666,1.0,4.0840000000000005,1.574949223057644
6,0.6666666666666666,1.0,4.098,1.575029223057644
7,0.6666666666666666,1.0,4.094,1.5754292230576439
8,0.6666666666666666,1.0,4.1659999999999995,1.568229223057644
9,0.6666666666666666,1.0,4.076,1.574149223057644
index,gender_rate,school_diversity,cgpa_average,*diversity
0,0.25,1.0,4.068,1.0509129824561403
1,0.6666666666666666,1.0,4.12,1.5241501754385964
2,0.25,1.0,4.08,1.0521129824561404
3,0.6666666666666666,0.8,4.13,1.3898168421052632
4,0.6666666666666666,0.8,4.087999999999999,1.3940168421052632
5,0.6666666666666666,1.0,4.112,1.5249501754385966
6,0.6666666666666666,1.0,4.0840000000000005,1.5277501754385965
7,0.6666666666666666,1.0,4.078,1.5277901754385965
8,0.6666666666666666,1.0,4.077999999999999,1.5277901754385965
9,0.6666666666666666,0.8,3.97,1.3836568421052633
index,gender_rate,school_diversity,cgpa_average,*diversity
0,0.6666666666666666,0.8,4.066,1.2991399999999997
1,0.6666666666666666,0.8,4.076,1.29986
2,0.6666666666666666,1.0,4.004,1.4179399999999998
3,0.6666666666666666,1.0,4.128,1.4196600000000001
4,0.6666666666666666,1.0,4.096,1.42286
5,0.6666666666666666,1.0,4.086,1.4238600000000001
6,0.6666666666666666,1.0,4.084,1.42406
7,0.6666666666666666,1.0,4.078,1.42466
8,0.6666666666666666,1.0,4.078,1.42466
9,0.25,0.8,4.049999999999999,0.8600399999999997
index,gender_rate,school_diversity,cgpa_average,*diversity
0,0.6666666666666666,0.8,4.066,1.2185346583850931
1,0.6666666666666666,1.0,4.082,1.3612318012422362
2,0.6666666666666666,1.0,4.0760000000000005,1.3618318012422361
3,0.6666666666666666,1.0,4.0760000000000005,1.3618318012422361
4,0.6666666666666666,1.0,4.075999999999999,1.3618318012422364
5,0.6666666666666666,1.0,4.074,1.362031801242236
6,0.6666666666666666,0.8,4.042,1.2161346583850932
7,0.6666666666666666,0.8,4.101999999999999,1.2163746583850934
8,0.6666666666666666,1.0,4.058,1.360591801242236
9,0.6666666666666666,1.0,4.08,1.3614318012422362
index,gender_rate,school_diversity,cgpa_average,*diversity
0,0.6666666666666666,1.0,4.16,1.3282774358974359
1,0.6666666666666666,1.0,4.038,1.3313174358974356
2,0.6666666666666666,1.0,4.048,1.3323174358974355
3,0.6666666666666666,1.0,4.109999999999999,1.333277435897436
4,0.6666666666666666,1.0,4.064,1.3339174358974355
5,0.6666666666666666,1.0,4.0920000000000005,1.3350774358974358
6,0.6666666666666666,1.0,4.084,1.335877435897436
7,0.6666666666666666,1.0,4.0840000000000005,1.335877435897436
8,0.6666666666666666,1.0,4.086,1.335677435897436
9,0.6666666666666666,1.0,4.072,1.3347174358974356
index,gender_rate,school_diversity,cgpa_average,*diversity
0,0.6666666666666666,1.0,4.214,1.324997435897436
1,0.6666666666666666,1.0,4.1979999999999995,1.326597435897436
2,0.6666666666666666,1.0,4.052,1.3305974358974355
3,0.6666666666666666,1.0,4.066,1.3319974358974356
4,0.6666666666666666,1.0,4.0920000000000005,1.3345974358974357
5,0.6666666666666666,1.0,4.101999999999999,1.3355974358974356
6,0.6666666666666666,1.0,4.108,1.3355974358974358
7,0.6666666666666666,1.0,4.103999999999999,1.3357974358974356
8,0.6666666666666666,1.0,4.087999999999999,1.3341974358974356
9,0.6666666666666666,0.8,4.026,1.1741512820512818
index,gender_rate,school_diversity,cgpa_average,*diversity
0,0.6666666666666666,1.0,4.145999999999999,1.2283733333333335
1,0.6666666666666666,1.0,4.074,1.2310933333333332
2,0.6666666666666666,1.0,4.078,1.2314933333333333
3,0.6666666666666666,1.0,4.088000000000001,1.2324933333333332
4,0.6666666666666666,1.0,4.09,1.2326933333333332
5,0.6666666666666666,1.0,4.0920000000000005,1.2328933333333332
6,0.6666666666666666,1.0,4.1,1.2329733333333335
7,0.6666666666666666,1.0,4.095999999999999,1.2332933333333331
8,0.6666666666666666,1.0,4.093999999999999,1.2330933333333332
9,0.6666666666666666,1.0,4.106,1.2323733333333333
index,gender_rate,school_diversity,cgpa_average,*diversity
0,0.6666666666666666,1.0,4.183999999999999,1.3280374358974358
1,0.6666666666666666,1.0,4.074,1.3327574358974357
2,0.6666666666666666,1.0,4.116,1.3348374358974358
3,0.6666666666666666,1.0,4.096,1.3349574358974359
4,0.6666666666666666,1.0,4.102,1.3355574358974358
5,0.6666666666666666,1.0,4.104,1.3357574358974358
6,0.6666666666666666,1.0,4.106,1.3358374358974356
7,0.6666666666666666,1.0,4.106,1.3358374358974356
8,0.6666666666666666,1.0,4.076,1.3329574358974356
9,0.6666666666666666,0.8,4.09,1.180511282051282
index,gender_rate,school_diversity,cgpa_average,*diversity
0,0.6666666666666666,1.0,4.094,1.271242222222222
1,0.6666666666666666,1.0,4.078,1.271602222222222
2,0.6666666666666666,1.0,4.082,1.272002222222222
3,0.6666666666666666,1.0,4.086,1.2720422222222219
4,0.6666666666666666,1.0,4.084,1.272202222222222
5,0.6666666666666666,1.0,4.0840000000000005,1.2722022222222222
6,0.6666666666666666,1.0,4.085999999999999,1.272042222222222
7,0.6666666666666666,1.0,4.076,1.271402222222222
8,0.6666666666666666,1.0,4.086,1.2720422222222219
9,0.6666666666666666,1.0,4.086,1.2720422222222219
index,gender_rate,school_diversity,cgpa_average,*diversity
0,0.25,1.0,4.05,1.0024533333333334
1,0.6666666666666666,1.0,4.134,1.4085911111111111
2,0.6666666666666666,1.0,4.104000000000001,1.4106311111111112
3,0.6666666666666666,1.0,4.104,1.4106311111111112
4,0.6666666666666666,1.0,4.106,1.4108311111111111
5,0.6666666666666666,1.0,4.106,1.4108311111111111
6,0.6666666666666666,1.0,4.106,1.4108311111111111
7,0.6666666666666666,1.0,4.186,1.403391111111111
8,0.6666666666666666,1.0,4.058,1.4060311111111112
9,0.6666666666666666,1.0,4.134,1.4085911111111111
index,gender_rate,school_diversity,cgpa_average,*diversity
0,0.6666666666666666,1.0,4.040000000000001,1.2673622222222223
1,0.6666666666666666,1.0,4.118,1.269282222222222
2,0.6666666666666666,1.0,4.081999999999999,1.271562222222222
3,0.6666666666666666,1.0,4.084,1.271762222222222
4,0.6666666666666666,1.0,4.092,1.2718822222222221
5,0.6666666666666666,1.0,4.088,1.2721622222222222
6,0.6666666666666666,1.0,4.087999999999999,1.272162222222222
7,0.6666666666666666,0.8,4.1,1.1377488888888887
8,0.6666666666666666,1.0,4.096,1.271482222222222
9,0.6666666666666666,1.0,4.098000000000001,1.271282222222222
index,gender_rate,school_diversity,cgpa_average,*diversity
0,0.25,0.8,4.138,0.9310485714285717
1,0.6666666666666666,1.0,4.118,1.5134057142857142
2,0.6666666666666666,1.0,4.077999999999999,1.511165714285714
3,0.6666666666666666,1.0,4.136,1.5116057142857142
4,0.6666666666666666,1.0,4.126,1.5126057142857143
5,0.6666666666666666,1.0,4.116,1.5136057142857142
6,0.6666666666666666,1.0,4.104000000000001,1.5137657142857142
7,0.6666666666666666,1.0,4.112,1.5140057142857142
8,0.6666666666666666,0.8,4.102,1.3707085714285712
9,0.6666666666666666,0.8,4.061999999999999,1.3667085714285712
index,gender_rate,school_diversity,cgpa_average,*diversity
0,0.6666666666666666,1.0,4.103999999999999,1.455910158730159
1,0.6666666666666666,1.0,4.048,1.4559501587301587
2,0.6666666666666666,1.0,4.062,1.4573501587301587
3,0.6666666666666666,1.0,4.082,1.458110158730159
4,0.6666666666666666,1.0,4.08,1.458310158730159
5,0.6666666666666666,1.0,4.08,1.458310158730159
6,0.6666666666666666,1.0,4.074,1.4585501587301586
7,0.6666666666666666,1.0,4.074,1.4585501587301586
8,0.6666666666666666,1.0,4.064000000000001,1.4575501587301587
9,0.6666666666666666,1.0,4.09,1.457310158730159
index,gender_rate,school_diversity,cgpa_average,*diversity
0,0.6666666666666666,1.0,4.106,1.4566501587301586
1,0.6666666666666666,0.8,4.062,1.3093930158730158
2,0.6666666666666666,0.8,4.066,1.3097930158730158
3,0.6666666666666666,1.0,4.27,1.444410158730159
4,0.6666666666666666,1.0,4.112,1.4572501587301585
5,0.6666666666666666,1.0,4.140000000000001,1.4574101587301589
6,0.6666666666666666,1.0,4.138,1.457610158730159
7,0.6666666666666666,1.0,4.1259999999999994,1.4586501587301586
8,0.6666666666666666,1.0,4.126,1.4586501587301586
9,0.25,0.8,4.122,0.9126152380952379
index,gender_rate,school_diversity,cgpa_average,*diversity
0,0.6666666666666666,1.0,4.1,1.4656866666666666
1,0.6666666666666666,1.0,4.058,1.4634466666666668
2,0.6666666666666666,1.0,4.1,1.4656866666666666
3,0.6666666666666666,1.0,4.084,1.4660466666666667
4,0.6666666666666666,1.0,4.084,1.4660466666666667
5,0.6666666666666666,1.0,4.086,1.4662466666666667
6,0.6666666666666666,1.0,4.0920000000000005,1.4664866666666665
7,0.6666666666666666,0.8,4.15,1.3273533333333334
8,0.6666666666666666,0.8,4.106,1.3317533333333333
9,0.6666666666666666,1.0,4.042,1.4618466666666667
index,gender_rate,school_diversity,cgpa_average,*diversity
0,0.25,1.0,4.116,1.0322511111111112
1,0.25,1.0,4.061999999999999,1.034571111111111
2,0.25,1.0,4.081999999999999,1.0356511111111113
3,0.6666666666666666,1.0,4.096,1.5527696296296294
4,0.6666666666666666,1.0,4.029999999999999,1.5498896296296294
5,0.6666666666666666,1.0,4.0600000000000005,1.5528896296296295
6,0.6666666666666666,1.0,4.087999999999999,1.5535696296296295
7,0.6666666666666666,1.0,4.082,1.5541696296296295
8,0.6666666666666666,1.0,4.081999999999999,1.5541696296296297
9,0.6666666666666666,1.0,4.0760000000000005,1.5544896296296296
index,gender_rate,school_diversity,cgpa_average,*diversity
0,0.25,1.0,4.07,1.1376416666666667
1,0.25,1.0,4.086,1.1378416666666666
2,0.25,1.0,4.066000000000001,1.1372416666666667
3,0.25,0.8,4.09,1.0041083333333334
4,0.6666666666666666,1.0,4.088,1.7574333333333332
5,0.6666666666666666,1.0,4.096,1.7566333333333333
6,0.6666666666666666,1.0,4.061999999999999,1.7566333333333333
7,0.6666666666666666,1.0,4.072,1.7576333333333332
8,0.6666666666666666,1.0,4.082,1.7580333333333331
9,0.6666666666666666,1.0,4.078,1.7582333333333333
index,gender_rate,school_diversity,cgpa_average,*diversity
0,0.6666666666666666,1.0,4.034,1.3537460606060605
1,0.6666666666666666,1.0,4.094,1.3597460606060605
2,0.6666666666666666,1.0,4.096000000000001,1.3599460606060607
3,0.6666666666666666,1.0,4.108,1.3600660606060608
4,0.6666666666666666,1.0,4.106,1.3602660606060608
5,0.6666666666666666,1.0,4.101999999999999,1.3605460606060604
6,0.6666666666666666,0.8,4.09,1.2260127272727273
7,0.6666666666666666,1.0,4.164,1.354466060606061
8,0.6666666666666666,1.0,4.1659999999999995,1.354266060606061
9,0.6666666666666666,1.0,4.066,1.3569460606060606
index,gender_rate,school_diversity,cgpa_average,*diversity
0,0.6666666666666666,0.8,4.116,1.1792194202898552
1,0.6666666666666666,1.0,4.138,1.3103527536231885
2,0.6666666666666666,1.0,4.066000000000001,1.3114327536231885
3,0.6666666666666666,1.0,4.114,1.3127527536231884
4,0.6666666666666666,1.0,4.106,1.3135527536231884
5,0.6666666666666666,1.0,4.093999999999999,1.3142327536231884
6,0.6666666666666666,1.0,4.098,1.3143527536231885
7,0.6666666666666666,1.0,4.096,1.3144327536231886
8,0.6666666666666666,1.0,4.056,1.3104327536231886
9,0.6666666666666666,1.0,4.082,1.3130327536231885
index,gender_rate,school_diversity,cgpa_average,*diversity
0,0.6666666666666666,1.0,4.042,1.3143612698412697
1,0.6666666666666666,1.0,4.15,1.3145212698412696
2,0.6666666666666666,1.0,4.1259999999999994,1.3169212698412698
3,0.6666666666666666,1.0,4.104,1.3191212698412698
4,0.6666666666666666,1.0,4.0920000000000005,1.3193612698412698
5,0.6666666666666666,1.0,4.0920000000000005,1.3193612698412698
6,0.6666666666666666,1.0,4.1,1.3195212698412697
7,0.6666666666666666,1.0,4.096,1.3197612698412697
8,0.6666666666666666,1.0,4.048,1.3149612698412698
9,0.6666666666666666,0.6,4.118,1.0320069841269839
index,gender_rate,school_diversity,cgpa_average,*diversity
0,0.6666666666666666,1.0,4.0920000000000005,1.234921381074169
1,0.6666666666666666,1.0,4.069999999999999,1.2350013810741687
2,0.6666666666666666,1.0,4.086,1.235521381074169
3,0.6666666666666666,1.0,4.078,1.2358013810741688
4,0.6666666666666666,1.0,4.078,1.2358013810741688
5,0.6666666666666666,1.0,4.079999999999999,1.2360013810741686
6,0.6666666666666666,0.6,4.0840000000000005,1.00042726342711
7,0.6666666666666666,0.8,4.05,1.1153543222506392
8,0.6666666666666666,1.0,4.09,1.235121381074169
9,0.6666666666666666,1.0,4.098000000000001,1.2343213810741689
index,gender_rate,school_diversity,cgpa_average,*diversity
0,0.6666666666666666,1.0,4.042,1.3135212698412695
1,0.6666666666666666,1.0,4.162,1.31416126984127
2,0.6666666666666666,1.0,4.090000000000001,1.3183212698412696
3,0.6666666666666666,1.0,4.114,1.3189612698412698
4,0.6666666666666666,1.0,4.11,1.3193612698412698
5,0.6666666666666666,1.0,4.104000000000001,1.3197212698412697
6,0.6666666666666666,1.0,4.106,1.31976126984127
7,0.6666666666666666,1.0,4.106,1.31976126984127
8,0.6666666666666666,1.0,4.09,1.3183212698412696
9,0.6666666666666666,0.8,4.128,1.1747041269841272
index,gender_rate,school_diversity,cgpa_average,*diversity
0,0.6666666666666666,0.8,4.034000000000001,1.2623879653679655
1,0.6666666666666666,1.0,4.093999999999999,1.4052051082251082
2,0.6666666666666666,1.0,4.0440000000000005,1.4062451082251082
3,0.6666666666666666,1.0,4.074,1.4072051082251082
4,0.6666666666666666,1.0,4.055999999999999,1.407445108225108
5,0.6666666666666666,1.0,4.0600000000000005,1.4078451082251082
6,0.6666666666666666,1.0,4.062,1.4080451082251082
7,0.6666666666666666,1.0,4.064,1.4082051082251081
8,0.6666666666666666,0.8,4.08,1.2637479653679653
9,0.6666666666666666,1.0,4.07,1.4076051082251082
index,gender_rate,school_diversity,cgpa_average,*diversity
0,0.6666666666666666,1.0,4.209999999999999,1.2153555555555555
1,0.6666666666666666,1.0,4.026000000000001,1.2273555555555555
2,0.6666666666666666,1.0,4.025999999999999,1.2273555555555555
3,0.6666666666666666,1.0,4.04,1.2287555555555556
4,0.6666666666666666,1.0,4.048,1.2295555555555555
5,0.6666666666666666,1.0,4.048,1.2295555555555555
6,0.6666666666666666,1.0,4.061999999999999,1.2301555555555557
7,0.6666666666666666,1.0,4.055999999999999,1.2303555555555554
8,0.6666666666666666,0.8,4.032,1.1029555555555555
9,0.6666666666666666,1.0,4.031999999999999,1.2279555555555555
index,gender_rate,school_diversity,cgpa_average,*diversity
0,0.6666666666666666,1.0,4.044,1.270782222222222
1,0.6666666666666666,1.0,4.068,1.271262222222222
2,0.6666666666666666,1.0,4.066,1.271462222222222
3,0.6666666666666666,1.0,4.054,1.271782222222222
4,0.6666666666666666,1.0,4.061999999999999,1.2718622222222222
5,0.6666666666666666,1.0,4.056,1.271982222222222
6,0.6666666666666666,1.0,4.032,1.269582222222222
7,0.6666666666666666,1.0,4.093999999999999,1.2686622222222221
8,0.6666666666666666,1.0,4.092,1.2688622222222221
9,0.6666666666666666,1.0,4.016,1.267982222222222
index,gender_rate,school_diversity,cgpa_average,*diversity
0,0.6666666666666666,1.0,4.21,1.3104012698412697
1,0.6666666666666666,1.0,4.086,1.3168812698412697
2,0.6666666666666666,1.0,4.104,1.3186812698412698
3,0.6666666666666666,1.0,4.108,1.3190812698412697
4,0.6666666666666666,1.0,4.122,1.3192012698412696
5,0.6666666666666666,1.0,4.114,1.3196812698412697
6,0.6666666666666666,1.0,4.072,1.3154812698412697
7,0.6666666666666666,0.8,4.101999999999999,1.175624126984127
8,0.6666666666666666,1.0,4.122,1.3192012698412696
9,0.6666666666666666,1.0,4.116,1.3198012698412698
index,gender_rate,school_diversity,cgpa_average,*diversity
0,0.6666666666666666,1.0,4.046,1.3658444444444444
1,0.6666666666666666,1.0,4.076,1.3688444444444443
2,0.6666666666666666,1.0,4.087999999999999,1.3688444444444445
3,0.6666666666666666,1.0,4.077999999999999,1.3690444444444443
4,0.6666666666666666,1.0,4.084,1.3692444444444445
5,0.6666666666666666,1.0,4.082,1.3694444444444442
6,0.6666666666666666,1.0,4.112,1.3664444444444444
7,0.6666666666666666,1.0,4.044,1.3656444444444442
8,0.6666666666666666,1.0,4.109999999999999,1.3666444444444446
9,0.6666666666666666,1.0,4.1,1.3676444444444444
index,gender_rate,school_diversity,cgpa_average,*diversity
0,0.25,0.8,4.086,0.910291111111111
1,0.6666666666666666,1.0,4.086,1.5538096296296295
2,0.25,1.0,4.09,1.0348911111111112
3,0.25,1.0,4.098000000000001,1.034091111111111
4,0.6666666666666666,0.8,4.0600000000000005,1.4278496296296295
5,0.6666666666666666,1.0,4.0600000000000005,1.5528496296296295
6,0.6666666666666666,1.0,4.094,1.5530096296296294
7,0.6666666666666666,1.0,4.066,1.5534496296296294
8,0.6666666666666666,1.0,4.066000000000001,1.5534496296296296
9,0.6666666666666666,1.0,4.072000000000001,1.5540496296296296
index,gender_rate,school_diversity,cgpa_average,*diversity
0,0.6666666666666666,1.0,4.08,1.414136856187291
1,0.6666666666666666,1.0,4.086,1.4147368561872908
2,0.6666666666666666,1.0,4.102,1.4163368561872909
3,0.6666666666666666,1.0,4.108,1.4169368561872908
4,0.6666666666666666,1.0,4.109999999999999,1.4169768561872909
5,0.6666666666666666,1.0,4.11,1.4169768561872909
6,0.6666666666666666,0.6,4.0680000000000005,1.1052445484949833
7,0.6666666666666666,1.0,4.218,1.4061768561872907
8,0.6666666666666666,1.0,4.056,1.411736856187291
9,0.6666666666666666,1.0,4.154000000000001,1.4125768561872907
index,gender_rate,school_diversity,cgpa_average,*diversity
0,0.6666666666666666,0.8,4.104,1.3713285714285715
1,0.6666666666666666,1.0,4.194,1.5051857142857141
2,0.6666666666666666,1.0,4.08,1.511985714285714
3,0.6666666666666666,1.0,4.081999999999999,1.512185714285714
4,0.6666666666666666,1.0,4.086,1.5125857142857142
5,0.6666666666666666,1.0,4.108,1.5137857142857143
6,0.6666666666666666,1.0,4.102,1.514185714285714
7,0.6666666666666666,1.0,4.12,1.5125857142857142
8,0.6666666666666666,1.0,4.078,1.511785714285714
9,0.6666666666666666,1.0,4.0760000000000005,1.511585714285714
index,gender_rate,school_diversity,cgpa_average,*diversity
0,0.6666666666666666,1.0,4.056,1.4236999999999997
1,0.25,1.0,4.13,0.9814000000000002
2,0.6666666666666666,1.0,4.1,1.4219000000000002
3,0.6666666666666666,1.0,4.084,1.4235000000000002
4,0.6666666666666666,1.0,4.0600000000000005,1.4241
5,0.6666666666666666,1.0,4.066000000000001,1.4246999999999999
6,0.6666666666666666,1.0,4.072,1.4247
7,0.6666666666666666,1.0,4.07,1.4249
8,0.6666666666666666,1.0,4.03,1.4210999999999998
9,0.6666666666666666,1.0,4.022,1.4203
index,gender_rate,school_diversity,cgpa_average,*diversity
0,0.6666666666666666,1.0,4.053999999999999,1.2337613810741686
1,0.6666666666666666,1.0,4.058,1.2341613810741687
2,0.6666666666666666,1.0,4.093999999999999,1.2343613810741692
3,0.6666666666666666,1.0,4.068,1.2351613810741686
4,0.6666666666666666,1.0,4.082,1.235561381074169
5,0.6666666666666666,1.0,4.081999999999999,1.2355613810741692
6,0.6666666666666666,1.0,4.08,1.235761381074169
7,0.6666666666666666,1.0,4.0760000000000005,1.2359613810741688
8,0.6666666666666666,0.6,4.0600000000000005,0.9990672634271098
9,0.6666666666666666,0.6,4.116,0.9968672634271101
index,gender_rate,school_diversity,cgpa_average,*diversity
0,0.25,0.8,4.1259999999999994,0.8947533333333334
1,0.6666666666666666,1.0,4.072,1.4623466666666667
2,0.6666666666666666,1.0,4.074,1.4625466666666667
3,0.6666666666666666,1.0,4.13,1.4651866666666666
4,0.6666666666666666,1.0,4.128,1.4653866666666666
5,0.6666666666666666,1.0,4.104,1.4655466666666668
6,0.6666666666666666,1.0,4.116,1.4665866666666667
7,0.6666666666666666,1.0,4.242,1.4539866666666668
8,0.6666666666666666,1.0,4.05,1.4601466666666667
9,0.6666666666666666,0.8,4.11,1.3328133333333334
index,gender_rate,school_diversity,cgpa_average,*diversity
0,0.6666666666666666,0.8,4.096,1.2270327272727275
1,0.6666666666666666,0.8,4.095999999999999,1.2270327272727277
2,0.6666666666666666,1.0,4.08,1.3592460606060606
3,0.6666666666666666,1.0,4.098000000000001,1.3601660606060608
4,0.6666666666666666,1.0,4.096,1.3603660606060608
5,0.6666666666666666,1.0,4.092,1.3604460606060607
6,0.6666666666666666,0.8,4.044,1.2223127272727272
7,0.6666666666666666,1.0,4.116,1.3583660606060608
8,0.6666666666666666,1.0,4.098000000000001,1.3601660606060608
9,0.6666666666666666,1.0,4.12,1.3579660606060608
index,gender_rate,school_diversity,cgpa_average,*diversity
0,0.25,1.0,4.086,1.0085663157894738
1,0.6666666666666666,1.0,4.082,1.4848435087719296
2,0.6666666666666666,0.8,4.078,1.3602435087719296
3,0.6666666666666666,1.0,4.05,1.4847635087719295
4,0.6666666666666666,1.0,4.077999999999999,1.4852435087719296
5,0.6666666666666666,1.0,4.061999999999999,1.4859635087719294
6,0.6666666666666666,1.0,4.066,1.4863635087719294
7,0.6666666666666666,1.0,4.066000000000001,1.4863635087719296
8,0.6666666666666666,0.8,4.086,1.3594435087719297
9,0.6666666666666666,1.0,4.01,1.4807635087719295
index,gender_rate,school_diversity,cgpa_average,*diversity
0,0.6666666666666666,1.0,4.026000000000001,1.3666644444444445
1,0.6666666666666666,1.0,4.066,1.3682244444444445
2,0.6666666666666666,1.0,4.044,1.3684644444444443
3,0.6666666666666666,1.0,4.050000000000001,1.3690644444444444
4,0.6666666666666666,1.0,4.056,1.3692244444444444
5,0.6666666666666666,1.0,4.052,1.3692644444444442
6,0.6666666666666666,1.0,4.0520000000000005,1.3692644444444444
7,0.6666666666666666,1.0,4.066,1.3682244444444445
8,0.6666666666666666,1.0,4.044,1.3684644444444443
9,0.6666666666666666,1.0,4.082,1.3666244444444444
index,gender_rate,school_diversity,cgpa_average,*diversity
0,0.25,1.0,4.14,1.1716400000000002
1,0.6666666666666666,0.8,4.048,1.4052711111111111
2,0.6666666666666666,1.0,4.144,1.5740177777777777
3,0.6666666666666666,1.0,4.087999999999999,1.5759377777777779
4,0.6666666666666666,1.0,4.09,1.5761377777777779
5,0.6666666666666666,1.0,4.112,1.5772177777777778
6,0.6666666666666666,1.0,4.101999999999999,1.5773377777777777
7,0.6666666666666666,0.6,4.046000000000001,1.2384044444444444
8,0.6666666666666666,0.8,4.082,1.4086711111111112
9,0.6666666666666666,1.0,4.212,1.5672177777777778
index,gender_rate,school_diversity,cgpa_average,*diversity
0,0.6666666666666666,0.6,4.138,1.1666558730158731
1,0.6666666666666666,1.0,4.156000000000001,1.4505701587301587
2,0.6666666666666666,1.0,4.014,1.4526901587301588
3,0.6666666666666666,1.0,4.090000000000001,1.4571701587301589
4,0.6666666666666666,1.0,4.0600000000000005,1.4572901587301588
5,0.6666666666666666,1.0,4.066000000000001,1.4578901587301587
6,0.6666666666666666,1.0,4.0760000000000005,1.4585701587301587
7,0.6666666666666666,1.0,4.075999999999999,1.458570158730159
8,0.6666666666666666,0.8,4.034000000000001,1.311833015873016
9,0.25,1.0,4.034,1.0519123809523807
index,gender_rate,school_diversity,cgpa_average,*diversity
0,0.25,1.0,4.036,1.0229266666666665
1,0.6666666666666666,1.0,4.07,1.4638266666666666
2,0.6666666666666666,1.0,4.064,1.4632266666666667
3,0.6666666666666666,1.0,4.068,1.4636266666666666
4,0.6666666666666666,1.0,4.1160000000000005,1.4649066666666668
5,0.6666666666666666,1.0,4.112,1.4653066666666668
6,0.6666666666666666,1.0,4.088,1.4656266666666666
7,0.6666666666666666,1.0,4.104000000000001,1.4661066666666667
8,0.6666666666666666,0.8,4.1,1.3331733333333335
9,0.6666666666666666,1.0,4.226,1.4539066666666667
index,gender_rate,school_diversity,cgpa_average,*diversity
0,0.6666666666666666,1.0,4.108,1.2719860869565216
1,0.6666666666666666,1.0,4.0920000000000005,1.2720660869565217
2,0.6666666666666666,1.0,4.106,1.2721860869565216
3,0.6666666666666666,1.0,4.094,1.2722660869565217
4,0.6666666666666666,1.0,4.104000000000001,1.2723860869565216
5,0.6666666666666666,1.0,4.095999999999999,1.2724660869565216
6,0.6666666666666666,1.0,4.06,1.2688660869565216
7,0.6666666666666666,0.8,4.16,1.1417860869565217
8,0.6666666666666666,1.0,4.086,1.2714660869565217
9,0.6666666666666666,0.8,4.090000000000001,1.1468660869565217
index,gender_rate,school_diversity,cgpa_average,*diversity
0,0.25,0.8,4.044,0.954051282051282
1,0.6666666666666666,1.0,4.086,1.5124752136752135
2,0.6666666666666666,1.0,4.082,1.5128752136752137
3,0.6666666666666666,1.0,4.08,1.5130752136752137
4,0.6666666666666666,1.0,4.078,1.5132752136752137
5,0.6666666666666666,1.0,4.072000000000001,1.5134752136752136
6,0.6666666666666666,1.0,4.074,1.5136752136752134
7,0.6666666666666666,0.8,4.072,1.3596290598290597
8,0.6666666666666666,1.0,4.084,1.5126752136752137
9,0.6666666666666666,1.0,4.068,1.5130752136752135
index,gender_rate,school_diversity,cgpa_average,*diversity
0,0.6666666666666666,1.0,4.13,1.2267133333333333
1,0.6666666666666666,1.0,4.048,1.2317533333333333
2,0.6666666666666666,1.0,4.052,1.2321533333333332
3,0.6666666666666666,1.0,4.054,1.2323533333333332
4,0.6666666666666666,1.0,4.058,1.2327533333333331
5,0.6666666666666666,1.0,4.06,1.2329533333333331
6,0.6666666666666666,1.0,4.066000000000001,1.2331133333333333
7,0.6666666666666666,1.0,4.062,1.2331533333333333
8,0.6666666666666666,0.8,4.088,1.09758
9,0.6666666666666666,1.0,4.0200000000000005,1.2289533333333333
index,gender_rate,school_diversity,cgpa_average,*diversity
0,0.6666666666666666,1.0,4.048,1.2304533333333334
1,0.6666666666666666,1.0,4.08,1.2330133333333333
2,0.6666666666666666,1.0,4.08,1.2330133333333333
3,0.6666666666666666,1.0,4.078,1.2332133333333333
4,0.6666666666666666,1.0,4.0760000000000005,1.2332533333333333
5,0.6666666666666666,1.0,4.076,1.2332533333333333
6,0.6666666666666666,1.0,4.075999999999999,1.2332533333333333
7,0.6666666666666666,1.0,4.076,1.2332533333333333
8,0.6666666666666666,1.0,4.086,1.2324133333333331
9,0.6666666666666666,0.6,4.0920000000000005,0.9651466666666666
index,gender_rate,school_diversity,cgpa_average,*diversity
0,0.6666666666666666,1.0,4.056,1.3158212698412697
1,0.6666666666666666,1.0,4.082,1.3184212698412698
2,0.6666666666666666,1.0,4.11,1.3184612698412697
3,0.6666666666666666,1.0,4.108,1.3186612698412696
4,0.6666666666666666,1.0,4.104000000000001,1.3190612698412696
5,0.6666666666666666,1.0,4.094,1.3196212698412697
6,0.6666666666666666,0.8,4.12,1.174604126984127
7,0.6666666666666666,1.0,4.088,1.3190212698412698
8,0.6666666666666666,1.0,4.098,1.3196612698412697
9,0.6666666666666666,1.0,4.102,1.3192612698412696
index,gender_rate,school_diversity,cgpa_average,*diversity
0,0.6666666666666666,1.0,4.124,1.4599301631701629
1,0.6666666666666666,1.0,4.086,1.462610163170163
2,0.6666666666666666,1.0,4.093999999999999,1.462930163170163
3,0.6666666666666666,1.0,4.0920000000000005,1.4631301631701628
4,0.6666666666666666,1.0,4.0920000000000005,1.4631301631701628
5,0.6666666666666666,1.0,4.092,1.463130163170163
6,0.6666666666666666,1.0,4.072,1.461210163170163
7,0.6666666666666666,1.0,4.0600000000000005,1.460010163170163
8,0.6666666666666666,1.0,4.093999999999999,1.462930163170163
9,0.6666666666666666,1.0,4.11,1.461330163170163
index,gender_rate,school_diversity,cgpa_average,*diversity
0,0.6666666666666666,1.0,4.084,1.2281155555555556
1,0.6666666666666666,1.0,4.132,1.2281955555555555
2,0.6666666666666666,1.0,4.124,1.2289955555555556
3,0.6666666666666666,1.0,4.12,1.2293955555555556
4,0.6666666666666666,1.0,4.12,1.2293955555555556
5,0.6666666666666666,1.0,4.116,1.2297955555555555
6,0.6666666666666666,1.0,4.112,1.2301955555555555
7,0.6666666666666666,1.0,4.108,1.2305155555555556
8,0.6666666666666666,1.0,4.112,1.2301955555555555
9,0.6666666666666666,0.8,4.056,1.1003155555555555
index,gender_rate,school_diversity,cgpa_average,*diversity
0,0.6666666666666666,1.0,4.116,1.316239393939394
1,0.6666666666666666,1.0,4.101999999999999,1.3176393939393938
2,0.6666666666666666,1.0,4.093999999999999,1.318439393939394
3,0.6666666666666666,1.0,4.086,1.3186393939393937
4,0.6666666666666666,1.0,4.092,1.318639393939394
5,0.6666666666666666,1.0,4.09,1.3188393939393939
6,0.6666666666666666,1.0,4.038,1.3138393939393938
7,0.6666666666666666,0.8,4.096,1.1932393939393937
8,0.6666666666666666,1.0,4.076,1.3176393939393938
9,0.6666666666666666,0.8,4.1,1.1928393939393938
index,gender_rate,school_diversity,cgpa_average,*diversity
0,0.6666666666666666,1.0,4.132,1.457670163170163
1,0.6666666666666666,1.0,4.063999999999999,1.461870163170163
2,0.6666666666666666,1.0,4.09,1.461870163170163
3,0.6666666666666666,1.0,4.066,1.462070163170163
4,0.6666666666666666,1.0,4.082000000000001,1.4626701631701629
5,0.6666666666666666,1.0,4.072000000000001,1.462670163170163
6,0.6666666666666666,0.8,4.031999999999999,1.304824009324009
7,0.6666666666666666,0.8,4.101999999999999,1.3068240093240093
8,0.6666666666666666,0.8,4.078,1.309224009324009
9,0.6666666666666666,1.0,4.0520000000000005,1.460670163170163
index,gender_rate,school_diversity,cgpa_average,*diversity
0,0.6666666666666666,1.0,4.1240000000000006,1.2793523809523808
1,0.6666666666666666,1.0,4.116,1.280152380952381
2,0.6666666666666666,1.0,4.1,1.2801523809523812
3,0.6666666666666666,1.0,4.1,1.2801523809523812
4,0.6666666666666666,1.0,4.1,1.2801523809523812
5,0.6666666666666666,1.0,4.113999999999999,1.280352380952381
6,0.6666666666666666,1.0,4.104,1.280552380952381
7,0.6666666666666666,1.0,4.103999999999999,1.280552380952381
8,0.6666666666666666,1.0,4.122,1.2795523809523808
9,0.6666666666666666,1.0,4.096,1.2797523809523812
index,gender_rate,school_diversity,cgpa_average,*diversity
0,0.6666666666666666,1.0,4.044,1.4122768561872907
1,0.6666666666666666,1.0,4.113999999999999,1.414836856187291
2,0.6666666666666666,1.0,4.1,1.416236856187291
3,0.6666666666666666,1.0,4.095999999999999,1.4166368561872908
4,0.6666666666666666,1.0,4.089999999999999,1.4168768561872906
5,0.6666666666666666,1.0,4.089999999999999,1.4168768561872906
6,0.6666666666666666,1.0,4.146,1.411636856187291
7,0.6666666666666666,1.0,4.074,1.4152768561872908
8,0.6666666666666666,1.0,4.118,1.4144368561872909
9,0.6666666666666666,1.0,4.046,1.412476856187291
index,gender_rate,school_diversity,cgpa_average,*diversity
0,0.6666666666666666,1.0,4.093999999999999,1.6988403988603986
1,0.25,0.8,4.108,1.0251157264957265
2,0.25,1.0,4.102,1.1795618803418801
3,0.25,1.0,4.096000000000001,1.18016188034188
4,0.6666666666666666,0.8,4.095999999999999,1.544834245014245
5,0.6666666666666666,1.0,4.072,1.6966403988603986
6,0.6666666666666666,1.0,4.103999999999999,1.6978803988603988
7,0.6666666666666666,1.0,4.088,1.6982403988603987
8,0.6666666666666666,1.0,4.089999999999999,1.6984403988603987
9,0.6666666666666666,1.0,4.0920000000000005,1.6986403988603986
index,gender_rate,school_diversity,cgpa_average,*diversity
0,0.6666666666666666,1.0,4.102,1.5280301754385965
1,0.25,0.8,4.072,0.9158996491228071
2,0.25,1.0,4.106,1.0517529824561405
3,0.6666666666666666,1.0,4.0600000000000005,1.5239101754385964
4,0.6666666666666666,1.0,4.136,1.5246301754385965
5,0.6666666666666666,1.0,4.1339999999999995,1.5248301754385967
6,0.6666666666666666,1.0,4.0840000000000005,1.5263101754385966
7,0.6666666666666666,1.0,4.098,1.5277101754385964
8,0.6666666666666666,1.0,4.1,1.5279101754385964
9,0.6666666666666666,1.0,4.1240000000000006,1.5258301754385966
index,gender_rate,school_diversity,cgpa_average,*diversity
0,0.6666666666666666,1.0,4.108,1.4076651082251082
1,0.6666666666666666,1.0,4.106,1.4078651082251081
2,0.6666666666666666,1.0,4.106,1.4078651082251081
3,0.6666666666666666,1.0,4.1,1.4079851082251083
4,0.6666666666666666,1.0,4.1,1.4079851082251083
5,0.6666666666666666,1.0,4.101999999999999,1.4081851082251082
6,0.6666666666666666,1.0,4.08,1.4059851082251082
7,0.6666666666666666,1.0,4.1240000000000006,1.406065108225108
8,0.6666666666666666,1.0,4.096,1.4075851082251083
9,0.6666666666666666,1.0,4.101999999999999,1.4081851082251082
index,gender_rate,school_diversity,cgpa_average,*diversity
0,0.6666666666666666,1.0,4.042,1.6288733333333334
1,0.25,1.0,4.055999999999999,1.1927733333333332
2,0.6666666666666666,0.8,4.072,1.4652066666666665
3,0.6666666666666666,1.0,4.101999999999999,1.6317933333333337
4,0.6666666666666666,1.0,4.095999999999999,1.6323933333333336
5,0.6666666666666666,1.0,4.087999999999999,1.6331933333333335
6,0.6666666666666666,1.0,4.086,1.6332733333333334
7,0.6666666666666666,1.0,4.086,1.6332733333333334
8,0.6666666666666666,0.8,4.106,1.4647266666666667
9,0.6666666666666666,0.8,4.132000000000001,1.4621266666666668
index,gender_rate,school_diversity,cgpa_average,*diversity
0,0.6666666666666666,1.0,4.07,1.3185812698412698
1,0.6666666666666666,1.0,4.088,1.3193012698412698
2,0.6666666666666666,1.0,4.078,1.3193812698412697
3,0.6666666666666666,1.0,4.086,1.3195012698412698
4,0.6666666666666666,1.0,4.084,1.3197012698412698
5,0.6666666666666666,1.0,4.082,1.3197812698412696
6,0.6666666666666666,1.0,4.07,1.3185812698412698
7,0.6666666666666666,1.0,4.084,1.3197012698412698
8,0.6666666666666666,0.8,4.1,1.175244126984127
9,0.6666666666666666,1.0,4.0840000000000005,1.3197012698412698
index,gender_rate,school_diversity,cgpa_average,*diversity
0,0.6666666666666666,1.0,4.072,1.3133127536231883
1,0.6666666666666666,1.0,4.093999999999999,1.3134727536231885
2,0.6666666666666666,1.0,4.09,1.3138727536231884
3,0.6666666666666666,1.0,4.081999999999999,1.3143127536231882
4,0.6666666666666666,1.0,4.0840000000000005,1.3144727536231884
5,0.6666666666666666,1.0,4.0840000000000005,1.3144727536231884
6,0.6666666666666666,1.0,4.098,1.3130727536231885
7,0.6666666666666666,1.0,4.106,1.3122727536231886
8,0.6666666666666666,1.0,4.090000000000001,1.3138727536231884
9,0.6666666666666666,0.8,4.037999999999999,1.176579420289855
index,gender_rate,school_diversity,cgpa_average,*diversity
0,0.6666666666666666,1.0,4.119999999999999,1.406065108225108
1,0.6666666666666666,1.0,4.082,1.4065851082251082
2,0.6666666666666666,1.0,4.1080000000000005,1.407265108225108
3,0.6666666666666666,1.0,4.103999999999999,1.4076651082251082
4,0.6666666666666666,1.0,4.095999999999999,1.4079851082251083
5,0.6666666666666666,1.0,4.098000000000001,1.4081851082251085
6,0.6666666666666666,0.8,4.102,1.2650079653679653
7,0.6666666666666666,1.0,4.086,1.4069851082251084
8,0.6666666666666666,0.8,4.098000000000001,1.2653279653679657
9,0.6666666666666666,1.0,4.090000000000001,1.4073851082251083
index,gender_rate,school_diversity,cgpa_average,*diversity
0,0.6666666666666666,1.0,4.0920000000000005,1.4666266666666667
1,0.6666666666666666,1.0,4.1339999999999995,1.4625066666666668
2,0.6666666666666666,1.0,4.0840000000000005,1.4658266666666666
3,0.6666666666666666,1.0,4.086,1.4660266666666666
4,0.6666666666666666,1.0,4.09,1.4664266666666665
5,0.6666666666666666,1.0,4.0920000000000005,1.4666266666666667
6,0.6666666666666666,1.0,4.0920000000000005,1.4666266666666667
7,0.6666666666666666,1.0,4.093999999999999,1.4665066666666668
8,0.6666666666666666,1.0,4.074,1.4648266666666667
9,0.6666666666666666,1.0,4.086,1.4660266666666666
index,gender_rate,school_diversity,cgpa_average,*diversity
0,0.6666666666666666,1.0,4.093999999999999,1.279534688057041
1,0.6666666666666666,1.0,4.044,1.279814688057041
2,0.6666666666666666,1.0,4.048,1.2802146880570409
3,0.6666666666666666,1.0,4.05,1.2804146880570408
4,0.6666666666666666,1.0,4.082000000000001,1.280734688057041
5,0.6666666666666666,1.0,4.061999999999999,1.281614688057041
6,0.6666666666666666,1.0,4.068,1.282134688057041
7,0.6666666666666666,1.0,4.068,1.282134688057041
8,0.6666666666666666,1.0,4.076,1.281334688057041
9,0.6666666666666666,0.8,4.084,1.1628876292335115
index,gender_rate,school_diversity,cgpa_average,*diversity
0,0.6666666666666666,1.0,4.11,1.3178793939393938
1,0.6666666666666666,1.0,4.106,1.3182793939393938
2,0.6666666666666666,1.0,4.102,1.3186793939393937
3,0.6666666666666666,1.0,4.098000000000001,1.3187993939393938
4,0.6666666666666666,1.0,4.098,1.3187993939393938
5,0.6666666666666666,1.0,4.098,1.3187993939393938
6,0.6666666666666666,1.0,4.07,1.3159993939393937
7,0.6666666666666666,1.0,4.084,1.3173993939393938
8,0.6666666666666666,1.0,4.11,1.3178793939393938
9,0.6666666666666666,0.8,4.117999999999999,1.1920793939393939
index,gender_rate,school_diversity,cgpa_average,*diversity
0,0.6666666666666666,1.0,4.108,1.3588660606060607
1,0.6666666666666666,1.0,4.088,1.3603460606060607
2,0.6666666666666666,1.0,4.0920000000000005,1.3604660606060608
3,0.6666666666666666,1.0,4.0920000000000005,1.3604660606060608
4,0.6666666666666666,1.0,4.089999999999999,1.3605460606060606
5,0.6666666666666666,1.0,4.090000000000001,1.3605460606060609
6,0.6666666666666666,1.0,4.136000000000001,1.3560660606060606
7,0.6666666666666666,1.0,4.042,1.3557460606060607
8,0.6666666666666666,1.0,4.0600000000000005,1.3575460606060608
9,0.6666666666666666,1.0,4.108,1.3588660606060607
index,gender_rate,school_diversity,cgpa_average,*diversity
0,0.6666666666666666,1.0,4.117999999999999,1.4066051082251083
1,0.6666666666666666,1.0,4.1160000000000005,1.406805108225108
2,0.6666666666666666,1.0,4.116,1.4068051082251083
3,0.6666666666666666,1.0,4.09,1.407045108225108
4,0.6666666666666666,1.0,4.093999999999999,1.407445108225108
5,0.6666666666666666,1.0,4.096000000000001,1.4076451082251082
6,0.6666666666666666,1.0,4.1,1.4080451082251082
7,0.6666666666666666,1.0,4.1,1.4080451082251082
8,0.6666666666666666,1.0,4.136,1.404805108225108
9,0.6666666666666666,1.0,4.052,1.403245108225108
index,gender_rate,school_diversity,cgpa_average,*diversity
0,0.6666666666666666,1.0,4.119999999999999,1.4090911111111113
1,0.6666666666666666,1.0,4.117999999999999,1.4092911111111113
2,0.6666666666666666,1.0,4.081999999999999,1.409331111111111
3,0.6666666666666666,1.0,4.087999999999999,1.409931111111111
4,0.6666666666666666,1.0,4.104,1.4106911111111111
5,0.6666666666666666,1.0,4.1,1.411091111111111
6,0.6666666666666666,0.8,4.148,1.2729577777777779
7,0.6666666666666666,1.0,4.069999999999999,1.408131111111111
8,0.6666666666666666,0.8,4.082,1.2759977777777778
9,0.6666666666666666,1.0,4.086,1.409731111111111
index,gender_rate,school_diversity,cgpa_average,*diversity
0,0.6666666666666666,1.0,4.06,1.3681644444444443
1,0.6666666666666666,0.8,4.06,1.2431644444444443
2,0.6666666666666666,1.0,4.1160000000000005,1.3651244444444444
3,0.6666666666666666,1.0,4.05,1.3671644444444442
4,0.6666666666666666,1.0,4.09,1.3677244444444445
5,0.6666666666666666,1.0,4.058,1.3679644444444443
6,0.6666666666666666,1.0,4.08,1.3687244444444444
7,0.6666666666666666,1.0,4.078,1.3689244444444444
8,0.6666666666666666,1.0,4.0760000000000005,1.3691244444444444
9,0.25,0.8,4.0600000000000005,0.8403866666666666
index,gender_rate,school_diversity,cgpa_average,*diversity
0,0.25,1.0,4.088,1.076065714285714
1,0.6666666666666666,1.0,4.117999999999999,1.5120057142857144
2,0.6666666666666666,1.0,4.1160000000000005,1.5122057142857144
3,0.6666666666666666,1.0,4.076,1.5123657142857139
4,0.6666666666666666,1.0,4.08,1.512765714285714
5,0.6666666666666666,1.0,4.106,1.5132057142857143
6,0.6666666666666666,1.0,4.1,1.5138057142857144
7,0.6666666666666666,1.0,4.096,1.5142057142857144
8,0.6666666666666666,1.0,4.096,1.5142057142857144
9,0.6666666666666666,1.0,4.0760000000000005,1.512365714285714
index,gender_rate,school_diversity,cgpa_average,*diversity
0,0.25,0.8,4.098,0.8613999999999999
1,0.6666666666666666,1.0,4.134,1.4224999999999999
2,0.6666666666666666,1.0,4.005999999999999,1.4146999999999998
3,0.6666666666666666,1.0,4.144,1.4215
4,0.6666666666666666,1.0,4.132,1.4227
5,0.6666666666666666,1.0,4.1240000000000006,1.4235
6,0.6666666666666666,1.0,4.116,1.4243
7,0.6666666666666666,1.0,4.109999999999999,1.4249
8,0.6666666666666666,0.8,4.13,1.2979
9,0.6666666666666666,0.8,4.095999999999999,1.2987
index,gender_rate,school_diversity,cgpa_average,*diversity
0,0.25,1.0,4.140000000000001,1.0279066666666665
1,0.6666666666666666,1.0,4.252,1.4542066666666666
2,0.6666666666666666,1.0,4.076,1.4615266666666666
3,0.6666666666666666,1.0,4.089999999999999,1.4629266666666667
4,0.6666666666666666,1.0,4.104000000000001,1.4643266666666668
5,0.6666666666666666,1.0,4.114,1.4653266666666667
6,0.6666666666666666,1.0,4.132000000000001,1.4662066666666667
7,0.6666666666666666,1.0,4.128,1.4666066666666666
8,0.6666666666666666,1.0,4.128,1.4666066666666666
9,0.6666666666666666,1.0,4.11,1.4649266666666667
index,gender_rate,school_diversity,cgpa_average,*diversity
0,0.6666666666666666,0.8,4.1,1.180059420289855
1,0.6666666666666666,0.8,4.11,1.181059420289855
2,0.6666666666666666,1.0,4.095999999999999,1.3129927536231882
3,0.6666666666666666,1.0,4.098000000000001,1.3131927536231884
4,0.6666666666666666,1.0,4.106,1.3139927536231883
5,0.6666666666666666,1.0,4.112,1.3143927536231885
6,0.6666666666666666,1.0,4.112,1.3143927536231885
7,0.6666666666666666,1.0,4.112,1.3143927536231885
8,0.6666666666666666,1.0,4.072,1.3105927536231883
9,0.6666666666666666,1.0,4.191999999999999,1.3063927536231885
index,gender_rate,school_diversity,cgpa_average,*diversity
0,0.6666666666666666,1.0,4.064,1.3090327536231885
1,0.6666666666666666,1.0,4.158,1.3105527536231885
2,0.6666666666666666,1.0,4.127999999999999,1.3135527536231886
3,0.6666666666666666,1.0,4.109999999999999,1.3136327536231884
4,0.6666666666666666,1.0,4.11,1.3136327536231884
5,0.6666666666666666,1.0,4.1259999999999994,1.3137527536231886
6,0.6666666666666666,1.0,4.122,1.3141527536231885
7,0.6666666666666666,1.0,4.118,1.3144327536231886
8,0.6666666666666666,1.0,4.1579999999999995,1.3105527536231885
9,0.6666666666666666,1.0,4.0920000000000005,1.3118327536231884
index,gender_rate,school_diversity,cgpa_average,*diversity
0,0.6666666666666666,1.0,4.1,1.2713460869565218
1,0.6666666666666666,1.0,4.098000000000001,1.2715460869565218
2,0.6666666666666666,1.0,4.076,1.2719060869565215
3,0.6666666666666666,1.0,4.089999999999999,1.272346086956522
4,0.6666666666666666,1.0,4.0840000000000005,1.2727060869565217
5,0.6666666666666666,1.0,4.086,1.2727460869565217
6,0.6666666666666666,1.0,4.044,1.2687060869565214
7,0.6666666666666666,1.0,4.078,1.2721060869565215
8,0.6666666666666666,0.8,4.124,1.143946086956522
9,0.6666666666666666,1.0,4.072,1.2715060869565216
index,gender_rate,school_diversity,cgpa_average,*diversity
0,0.6666666666666666,1.0,4.024,1.2293933333333333
1,0.6666666666666666,1.0,4.098,1.2298733333333334
2,0.6666666666666666,1.0,4.048,1.2317933333333333
3,0.6666666666666666,1.0,4.068,1.2328733333333335
4,0.6666666666666666,1.0,4.0600000000000005,1.2329933333333334
5,0.6666666666666666,1.0,4.062,1.2331933333333334
6,0.6666666666666666,1.0,4.062,1.2331933333333334
7,0.6666666666666666,1.0,4.064,1.2332733333333334
8,0.6666666666666666,1.0,4.08,1.2316733333333334
9,0.6666666666666666,1.0,4.068,1.2328733333333335
index,gender_rate,school_diversity,cgpa_average,*diversity
0,0.6666666666666666,1.0,4.061999999999999,1.270442222222222
1,0.6666666666666666,1.0,4.075999999999999,1.2718422222222219
2,0.6666666666666666,1.0,4.078,1.272042222222222
3,0.6666666666666666,1.0,4.078,1.272042222222222
4,0.6666666666666666,1.0,4.08,1.272202222222222
5,0.6666666666666666,1.0,4.08,1.272202222222222
6,0.6666666666666666,1.0,4.090000000000001,1.2712022222222221
7,0.6666666666666666,0.8,4.144,1.1324688888888887
8,0.6666666666666666,1.0,4.078,1.272042222222222
9,0.6666666666666666,0.8,4.032,1.1341088888888886
index,gender_rate,school_diversity,cgpa_average,*diversity
0,0.6666666666666666,1.0,4.119999999999999,1.4768194202898552
1,0.6666666666666666,1.0,4.042,1.4776994202898552
2,0.6666666666666666,1.0,4.103999999999999,1.4784194202898553
3,0.6666666666666666,1.0,4.1,1.4788194202898552
4,0.6666666666666666,1.0,4.086,1.480219420289855
5,0.6666666666666666,1.0,4.0840000000000005,1.480419420289855
6,0.6666666666666666,1.0,4.08,1.4808194202898552
7,0.6666666666666666,1.0,4.08,1.4808194202898552
8,0.6666666666666666,1.0,4.022,1.4756994202898552
9,0.6666666666666666,1.0,4.048,1.4782994202898552
index,gender_rate,school_diversity,cgpa_average,*diversity
0,0.6666666666666666,0.8,4.11,1.136388888888889
1,0.6666666666666666,1.0,4.054,1.269122222222222
2,0.6666666666666666,1.0,4.066000000000001,1.2703222222222221
3,0.6666666666666666,1.0,4.066000000000001,1.2703222222222221
4,0.6666666666666666,1.0,4.098,1.270922222222222
5,0.6666666666666666,1.0,4.0920000000000005,1.271522222222222
6,0.6666666666666666,1.0,4.092,1.2715222222222222
7,0.6666666666666666,1.0,4.085999999999999,1.2721222222222222
8,0.6666666666666666,0.8,4.11,1.136388888888889
9,0.6666666666666666,0.8,4.076,1.1379888888888887
index,gender_rate,school_diversity,cgpa_average,*diversity
0,0.6666666666666666,1.0,4.106,1.3192012698412696
1,0.6666666666666666,1.0,4.096,1.3194812698412697
2,0.6666666666666666,1.0,4.102,1.3196012698412696
3,0.6666666666666666,1.0,4.101999999999999,1.3196012698412698
4,0.6666666666666666,1.0,4.098000000000001,1.3196812698412699
5,0.6666666666666666,1.0,4.1,1.3198012698412698
6,0.6666666666666666,0.8,4.022,1.169224126984127
7,0.6666666666666666,1.0,4.15,1.3148012698412697
8,0.6666666666666666,1.0,4.08,1.3178812698412699
9,0.6666666666666666,1.0,4.14,1.3158012698412698
index,gender_rate,school_diversity,cgpa_average,*diversity
0,0.6666666666666666,1.0,4.093999999999999,1.459430163170163
1,0.6666666666666666,1.0,4.162,1.460110163170163
2,0.6666666666666666,1.0,4.109999999999999,1.4610301631701628
3,0.6666666666666666,1.0,4.138,1.462510163170163
4,0.6666666666666666,1.0,4.1259999999999994,1.4626301631701628
5,0.6666666666666666,1.0,4.128,1.462830163170163
6,0.6666666666666666,0.6,4.058,1.1481378554778554
7,0.6666666666666666,0.8,4.142,1.3082640093240092
8,0.6666666666666666,1.0,4.218,1.454510163170163
9,0.6666666666666666,1.0,4.138,1.462510163170163
index,gender_rate,school_diversity,cgpa_average,*diversity
0,0.25,0.8,4.132,0.8514345510835916
1,0.6666666666666666,1.0,4.088000000000001,1.4493588028895767
2,0.6666666666666666,1.0,4.122000000000001,1.4459588028895767
3,0.6666666666666666,1.0,4.1,1.4481588028895769
4,0.6666666666666666,1.0,4.095999999999999,1.4485588028895768
5,0.6666666666666666,1.0,4.078,1.4489188028895765
6,0.6666666666666666,1.0,4.077999999999999,1.4489188028895765
7,0.6666666666666666,1.0,4.082,1.4493188028895765
8,0.6666666666666666,1.0,4.016,1.4427188028895765
9,0.6666666666666666,1.0,4.0600000000000005,1.4471188028895767
index,gender_rate,school_diversity,cgpa_average,*diversity
0,0.25,1.0,4.064,1.0288466666666667
1,0.25,1.0,4.061999999999999,1.0286466666666667
2,0.6666666666666666,1.0,4.032,1.4631466666666668
3,0.6666666666666666,1.0,4.055999999999999,1.4655466666666666
4,0.6666666666666666,1.0,4.074,1.4659866666666668
5,0.6666666666666666,1.0,4.062,1.4661466666666667
6,0.6666666666666666,1.0,4.07,1.4663866666666667
7,0.6666666666666666,1.0,4.066,1.4665466666666667
8,0.6666666666666666,1.0,4.118,1.4615866666666666
9,0.6666666666666666,1.0,4.0680000000000005,1.4665866666666667
index,gender_rate,school_diversity,cgpa_average,*diversity
0,0.6666666666666666,1.0,4.13,1.5721377777777779
1,0.6666666666666666,1.0,4.090000000000001,1.5761377777777779
2,0.6666666666666666,1.0,4.058,1.5762177777777777
3,0.6666666666666666,1.0,4.082000000000001,1.5769377777777778
4,0.6666666666666666,1.0,4.078,1.577337777777778
5,0.6666666666666666,1.0,4.072,1.5776177777777778
6,0.6666666666666666,0.8,4.04,1.407751111111111
7,0.6666666666666666,0.8,4.06,1.409751111111111
8,0.6666666666666666,1.0,4.032,1.5736177777777778
9,0.6666666666666666,1.0,4.093999999999999,1.575737777777778
index,gender_rate,school_diversity,cgpa_average,*diversity
0,0.25,1.0,4.087999999999999,1.3040283333333333
1,0.25,1.0,4.052,1.3027883333333334
2,0.6666666666666666,1.0,4.086,1.9240199999999998
3,0.25,1.0,4.095999999999999,1.3032283333333334
4,0.25,1.0,4.1,1.3028283333333335
5,0.6666666666666666,0.8,4.032,1.7539133333333332
6,0.6666666666666666,0.8,4.058,1.7565133333333334
7,0.6666666666666666,1.0,4.106,1.9220199999999998
8,0.6666666666666666,1.0,4.064,1.92378
9,0.6666666666666666,1.0,4.08,1.9246199999999998
index,gender_rate,school_diversity,cgpa_average,*diversity
0,0.6666666666666666,0.8,4.072,1.2430444444444442
1,0.6666666666666666,0.8,4.077999999999999,1.243644444444444
2,0.6666666666666666,1.0,4.072,1.3680444444444442
3,0.6666666666666666,1.0,4.08,1.3688444444444443
4,0.6666666666666666,1.0,4.087999999999999,1.3692444444444445
5,0.6666666666666666,1.0,4.086,1.3694444444444442
6,0.6666666666666666,0.8,4.151999999999999,1.2378444444444445
7,0.6666666666666666,1.0,4.086,1.3694444444444442
8,0.6666666666666666,1.0,4.066000000000001,1.3674444444444442
9,0.6666666666666666,1.0,4.08,1.3688444444444443
index,gender_rate,school_diversity,cgpa_average,*diversity
0,0.6666666666666666,1.0,4.066,1.410891111111111
1,0.6666666666666666,1.0,4.05,1.409731111111111
2,0.6666666666666666,1.0,4.056,1.410331111111111
3,0.6666666666666666,1.0,4.07,1.4104911111111111
4,0.6666666666666666,1.0,4.068,1.4106911111111111
5,0.6666666666666666,1.0,4.0600000000000005,1.4107311111111112
6,0.6666666666666666,1.0,4.064,1.411091111111111
7,0.6666666666666666,1.0,4.109999999999999,1.4064911111111111
8,0.6666666666666666,1.0,4.058,1.410531111111111
9,0.6666666666666666,1.0,4.036,1.408331111111111
